No,Code,X,Y,SiteName,SiteID,Context,SiteType,SampleID,Lab,LabID,Material,BP,Error,References,ETC
1,PNTS-1,210309.544 ,548074.077 ,풍납토성 현대,가-2호 주거지,-,주거지,-,서울대학교 기초과학공동기기원,-,탄화목,2190,50,"국립문화재연구소, 2001, 풍납토성Ⅰ - 현대연합주택 및 1지구 재건축 부지",
2,PNTS-2,210294.531 ,548055.234 ,풍납토성 현대,가-3호 주거지,-,주거지,-,서울대학교 기초과학공동기기원,-,탄화목,1980,50,"국립문화재연구소, 2001, 풍납토성Ⅰ - 현대연합주택 및 1지구 재건축 부지",
3,PNTS-3,210293.978 ,548043.152 ,풍납토성 현대,가-4호 주거지,-,주거지,-,서울대학교 기초과학공동기기원,-,탄화목,1850,50,"국립문화재연구소, 2001, 풍납토성Ⅰ - 현대연합주택 및 1지구 재건축 부지",
4,PNTS-4,210228.834 ,547933.321 ,풍납토성 현대,나-1호 주거지,-,주거지,-,서울대학교 기초과학공동기기원,-,탄화목,2030,60,"국립문화재연구소, 2001, 풍납토성Ⅰ - 현대연합주택 및 1지구 재건축 부지",
5,PNTS-5,210249.384 ,547944.409 ,풍납토성 현대,나-3호 주거지,-,주거지,-,서울대학교 기초과학공동기기원,-,탄화목,2150,50,"국립문화재연구소, 2001, 풍납토성Ⅰ - 현대연합주택 및 1지구 재건축 부지",
6,PNTS-6,210247.837 ,547929.057 ,풍납토성 현대,나-8호 주거지,-,주거지,-,서울대학교 기초과학공동기기원,-,탄화목,2080,60,"국립문화재연구소, 2001, 풍납토성Ⅰ - 현대연합주택 및 1지구 재건축 부지",
7,PNTS-7,210270.259 ,547883.276 ,풍납토성 동성벽,B지점 내벽,3토루 상부,성벽,-,서울대학교 기초과학공동기기원,-,탄화목,1820,50,"국립문화재연구소, 2002, 풍납토성Ⅱ - 동벽 발굴조사 보고서",
8,PNTS-8,210381.866 ,547988.924 ,풍납토성 동성벽,A지점 내벽,5토루 뻘층,성벽,-,서울대학교 기초과학공동기기원,-,탄화목,2050,50,"국립문화재연구소, 2002, 풍납토성Ⅱ - 동벽 발굴조사 보고서",
9,PNTS-9,210262.088 ,547890.449 ,풍납토성 동성벽,B지점 내벽,6토루 석축 하부 뻘층,성벽,-,서울대학교 기초과학공동기기원,-,탄화목,1930,50,"국립문화재연구소, 2002, 풍납토성Ⅱ - 동벽 발굴조사 보고서",
10,PNTS-10,-,-,풍납토성 동성벽,북측 Tr,하부 초석(건물지),건물지,-,서울대학교 기초과학공동기기원,-,탄화목,2050,50,"국립문화재연구소, 2002, 풍납토성Ⅱ - 동벽 발굴조사 보고서",위치 부정확
11,PNTS-11,210356.019 ,548562.752 ,풍납토성 경당지구,44호 서편 구,-,구상유구,-,서울대학교 기초과학공동기기원,SNU 00-120,탄화목,1520,40,"한신대학교박물관, 2004, 풍납토성Ⅳ",
12,PNTS-12,210356.019 ,548562.752 ,풍납토성 경당지구,44호 동편 구,-,구상유구,-,서울대학교 기초과학공동기기원,SNU 00-121,탄화목,1680,40,"한신대학교박물관, 2004, 풍납토성Ⅳ",
13,PNTS-13,210356.019 ,548562.752 ,풍납토성 경당지구,44호 입구부,-,구상유구,-,서울대학교 기초과학공동기기원,SNU 00-226,탄화목,1780,40,"한신대학교박물관, 2004, 풍납토성Ⅳ",
14,PNTS-14,210356.019 ,548562.752 ,풍납토성 경당지구,44호 서편 구,-,구상유구,-,서울대학교 기초과학공동기기원,SNU 00-227,탄화목,1900,60,"한신대학교박물관, 2004, 풍납토성Ⅳ",
15,PNTS-15,210322.413 ,547836.962 ,풍납토성 대진·동산,목제우물 21번 목재편,-,우물,-,서울대학교 기초과학공동기기원,SNU 04-809,목재,1650,40,"국립문화재연구소, 2007, 풍납토성Ⅷ - 외환은행직원합숙소부지 · 소규모주택신축부지 · 강동빌라부지 · 대진·동산연립주택부지 -",
16,PNTS-16,210322.413 ,547836.962 ,풍납토성 대진·동산,목제우물 27번 목재편,-,우물,-,서울대학교 기초과학공동기기원,SNU 04-808,목재,1660,40,"국립문화재연구소, 2007, 풍납토성Ⅷ - 외환은행직원합숙소부지 · 소규모주택신축부지 · 강동빌라부지 · 대진·동산연립주택부지 -",
17,PNTS-17,210030.975 ,548490.199 ,풍납토성 미래마을,가-1호 주거지,-,주거지,-,서울대학교 기초과학공동기기원,SNU 07-160,탄화목,1700,50,"국립문화재연구소, 2009, 풍납토성?",
18,PNTS-18,210049.746 ,548496.219 ,풍납토성 미래마을,가-2호 주거지,①,주거지,-,서울대학교 기초과학공동기기원,SNU 07-163,탄화목,1990,60,"국립문화재연구소, 2009, 풍납토성?",
19,PNTS-19,210049.746 ,548496.219 ,풍납토성 미래마을,가-2호 주거지,②,주거지,-,서울대학교 기초과학공동기기원,SNU 07-164,탄화목,1470,50,"국립문화재연구소, 2009, 풍납토성?",
20,PNTS-20,210034.045 ,548491.530 ,풍납토성 미래마을,가-3호 주거지,①,주거지,-,서울대학교 기초과학공동기기원,SNU 07-161,탄화목,1710,50,"국립문화재연구소, 2009, 풍납토성?",
21,PNTS-21,210034.045 ,548491.530 ,풍납토성 미래마을,가-3호 주거지,②,주거지,-,서울대학교 기초과학공동기기원,SNU 07-162,탄화목,1650,60,"국립문화재연구소, 2009, 풍납토성?",
22,PNTS-22,210025.656 ,548459.302 ,풍납토성 미래마을,가-6호 주거지,①,주거지,-,서울대학교 기초과학공동기기원,SNU 07-167,탄화목,2070,80,"국립문화재연구소, 2009, 풍납토성?",
23,PNTS-23,210025.656 ,548459.302 ,풍납토성 미래마을,가-6호 주거지,②,주거지,-,서울대학교 기초과학공동기기원,SNU 07-168,탄화목,1690,50,"국립문화재연구소, 2009, 풍납토성?",
24,PNTS-24,210021.732 ,548459.395 ,풍납토성 미래마을,가-1호 폐기수혈,s63.5w9 3층,수혈,-,서울대학교 기초과학공동기기원,SNU 07-158,탄화목,1860,50,"국립문화재연구소, 2009, 풍납토성?",
25,PNTS-25,210020.553 ,548456.689 ,풍납토성 미래마을,가-1호 폐기수혈,"A, B 하층 구",구상유구,-,서울대학교 기초과학공동기기원,SNU 07-159,탄화목,1670,50,"국립문화재연구소, 2009, 풍납토성?",
26,PNTS-26,210053.182 ,548453.203 ,풍납토성 미래마을,가-30호 수혈 건물지,-,건물지,-,서울대학교 기초과학공동기기원,SNU 08-295,탄화목,1660,50,"국립문화재연구소, 2009, 풍납토성?",
27,PNTS-27,210034.174 ,548510.832 ,풍납토성 미래마을,가-48호 수혈,-,수혈,-,서울대학교 기초과학공동기기원,SNU 07-166,탄화목,1790,50,"국립문화재연구소, 2009, 풍납토성?",
28,PNTS-28,210029.514 ,548458.889 ,풍납토성 미래마을,가-59호 수혈,-,수혈,-,서울대학교 기초과학공동기기원,SNU  07-165,탄화목,1640,50,"국립문화재연구소, 2009, 풍납토성?",
29,PNTS-29,210045.315 ,548457.330 ,풍납토성 미래마을,가-79호 수혈,목탄층,수혈,-,서울대학교 기초과학공동기기원,SNU 08-292,탄화목,1710,60,"국립문화재연구소, 2009, 풍납토성?",
30,PNTS-30,210103.772 ,548518.799 ,풍납토성 미래마을,나-3호 주거지,-,주거지,-,서울대학교 기초과학공동기기원,SNU 08-297,탄화목,1700,50,"국립문화재연구소, 2012, 풍납토성ⅩⅢ",
31,PNTS-31,210043.248 ,548528.936 ,풍납토성 미래마을,나-6호 주거지,-,주거지,-,서울대학교 기초과학공동기기원,SNU 08-294,탄화목,1610,50,"국립문화재연구소, 2012, 풍납토성ⅩⅢ",
32,PNTS-32,210043.248 ,548528.936 ,풍납토성 미래마을,나-6호 주거지,부뚜막 내부,주거지,-,서울대학교 기초과학공동기기원,SNU 10-521,탄화목,1670,40,"국립문화재연구소, 2012, 풍납토성ⅩⅢ",
33,PNTS-33,210113.256 ,548530.502 ,풍납토성 미래마을,나-7호 주거지,-,주거지,-,서울대학교 기초과학공동기기원,SNU 08-296,탄화목,1750,50,"국립문화재연구소, 2012, 풍납토성ⅩⅢ",
34,PNTS-34,210113.256 ,548530.502 ,풍납토성 미래마을,나-7호 주거지,(추가),주거지,-,서울대학교 기초과학공동기기원,SNU 10-520,탄화목,2940,50,미보고,
35,PNTS-35,210050.487 ,548540.165 ,풍납토성 미래마을,나-8호 주거지,-,주거지,-,서울대학교 기초과학공동기기원,SNU 08-302,탄화목,1960,50,"국립문화재연구소, 2012, 풍납토성ⅩⅢ",
36,PNTS-36,210059.898 ,548550.071 ,풍납토성 미래마을,나-10호 주거지,-,주거지,-,서울대학교 기초과학공동기기원,SNU 10-522,탄화목,1960,40,"국립문화재연구소, 2012, 풍납토성ⅩⅢ",
37,PNTS-37,210059.898 ,548550.071 ,풍납토성 미래마을,나-10호 주거지,철겸 하단부,주거지,-,서울대학교 기초과학공동기기원,SNU 10-525,탄화목,1750,40,"국립문화재연구소, 2012, 풍납토성ⅩⅢ",
38,PNTS-38,210059.898 ,548550.071 ,풍납토성 미래마을,나-10호 주거지,횡목,주거지,-,서울대학교 기초과학공동기기원,SNU 10-526,탄화목,1780,60,"국립문화재연구소, 2012, 풍납토성ⅩⅢ",
39,PNTS-39,210059.898 ,548550.071 ,풍납토성 미래마을,나-10호 주거지,동편 모서리 말뚝,주거지,-,서울대학교 기초과학공동기기원,SNU 10-527,탄화목,1720,40,"국립문화재연구소, 2012, 풍납토성ⅩⅢ",
40,PNTS-40,210059.898 ,548550.071 ,풍납토성 미래마을,나-10호 주거지,②-1,주거지,-,국립문화재연구소 보존과학실,SNU 11-R086,탄화목,1940,40,"국립문화재연구소, 2012, 풍납토성ⅩⅢ",
41,PNTS-41,210059.898 ,548550.071 ,풍납토성 미래마을,나-10호 주거지,②-2,주거지,-,국립문화재연구소 보존과학실,SNU 11-R087,탄화목,1760,40,"국립문화재연구소, 2012, 풍납토성ⅩⅢ",
42,PNTS-42,210059.898 ,548550.071 ,풍납토성 미래마을,나-10호 주거지,⑥-1,주거지,-,국립문화재연구소 보존과학실,SNU 11-R088,탄화목,1810,50,"국립문화재연구소, 2012, 풍납토성ⅩⅢ",
43,PNTS-43,210059.898 ,548550.071 ,풍납토성 미래마을,나-10호 주거지,⑭-1,주거지,-,국립문화재연구소 보존과학실,SNU 11-R089,탄화목,5840,70,"국립문화재연구소, 2012, 풍납토성ⅩⅢ",
44,PNTS-44,210058.336 ,548538.217 ,풍납토성 미래마을,나-12호 주거지,-,주거지,-,서울대학교 기초과학공동기기원,SNU 08-298,탄화목,1700,50,"국립문화재연구소, 2012, 풍납토성ⅩⅢ",
45,PNTS-45,210091.030 ,548525.771 ,풍납토성 미래마을,나-18호 주거지,부뚜막,주거지,-,서울대학교 기초과학공동기기원,SNU 10-528,탄화목,1690,40,"국립문화재연구소, 2012, 풍납토성ⅩⅢ",
46,PNTS-46,210115.494 ,548526.851 ,풍납토성 미래마을,나-19-1호 수혈,-,수혈,-,서울대학교 기초과학공동기기원,SNU 08-293,탄화목,1920,50,"국립문화재연구소, 2012, 풍납토성ⅩⅢ",
47,PNTS-47,210049.762 ,548533.169 ,풍납토성 미래마을,나-36-1호 수혈,-,수혈,-,서울대학교 기초과학공동기기원,SNU 08-301,탄화목,1930,50,"국립문화재연구소, 2012, 풍납토성ⅩⅢ",
48,PNTS-48,210045.561 ,548531.838 ,풍납토성 미래마을,나-39호 수혈,-,수혈,-,서울대학교 기초과학공동기기원,SNU 08-300,탄화목,1790,50,"국립문화재연구소, 2012, 풍납토성ⅩⅢ",보고시 출토맥락 삭제
49,PNTS-49,210045.561 ,548531.838 ,풍납토성 미래마을,나-39호 수혈,수혈 내 바닥,수혈,-,서울대학교 기초과학공동기기원,SNU 10-524,탄화목,2660,40,미보고,
50,PNTS-50,210056.453 ,548536.499 ,풍납토성 미래마을,나-47호 수혈,-,수혈,-,서울대학교 기초과학공동기기원,SNU 08-299,탄화목,1690,50,"국립문화재연구소, 2012, 풍납토성ⅩⅢ",
51,PNTS-51,210124.714 ,548502.909 ,풍납토성 미래마을,다-3호 주거지,서벽 벽체부 내 소토층,주거지,-,서울대학교 기초과학공동기기원,SNU 10-531,탄화목,1850,50,"국립문화재연구소, 2012, 풍납토성ⅩⅣ",
52,PNTS-52,210124.714 ,548502.909 ,풍납토성 미래마을,다-3호 주거지,동벽,주거지,-,서울대학교 기초과학공동기기원,SNU 10-532,탄화목,1790,40,"국립문화재연구소, 2012, 풍납토성ⅩⅣ",
53,PNTS-53,210132.116 ,548491.659 ,풍납토성 미래마을,다-5호 주거지,바닥 목탄층,주거지,-,서울대학교 기초과학공동기기원,SNU 10-529,탄화목,1820,50,"국립문화재연구소, 2012, 풍납토성ⅩⅣ",
54,PNTS-54,210141.893 ,548493.756 ,풍납토성 미래마을,라-1호 주거지,부뚜막,주거지,-,서울대학교 기초과학공동기기원,SNU 10-534,탄화목,1880,50,"국립문화재연구소, 2013, 풍납토성ⅩV",
55,PNTS-55,210128.490 ,548486.819 ,풍납토성 미래마을,라-2호 주거지,부뚜막 내부,주거지,-,서울대학교 기초과학공동기기원,SNU 10-533,탄화목,1900,50,"국립문화재연구소, 2013, 풍납토성ⅩV",
56,PNTS-56,-,-,풍납토성 미래마을,N40E30 대옹,대옹 내,-,-,서울대학교 기초과학공동기기원,SNU 10-530,탄화목,1760,40,"국립문화재연구소, 2012, 풍납토성ⅩⅣ",위치 부정확
57,PNTS-57,210144.994 ,548505.501 ,풍납토성 미래마을,라-3호 주거지,④,주거지,-,서울대학교 기초과학공동기기원,SNU 10-R166,탄화목,1770,50,"국립문화재연구소, 2013, 풍납토성ⅩV",
58,PNTS-58,210151.501 ,548483.850 ,풍납토성 미래마을,라-7호 주거지,③,주거지,-,서울대학교 기초과학공동기기원,SNU 10-R167,탄화목,1850,50,"국립문화재연구소, 2013, 풍납토성ⅩV",
59,PNTS-59,210161.566 ,548471.219 ,풍납토성 미래마을,라-8호 주거지,①-1,주거지,-,서울대학교 기초과학공동기기원,SNU 10-R168,탄화목,1790,50,"국립문화재연구소, 2013, 풍납토성ⅩV",
60,PNTS-60,210161.566 ,548471.219 ,풍납토성 미래마을,라-8호 주거지,①-2,주거지,-,서울대학교 기초과학공동기기원,SNU 10-R169,탄화목,1820,50,"국립문화재연구소, 2013, 풍납토성ⅩV",
61,PNTS-61,210161.566 ,548471.219 ,풍납토성 미래마을,라-8호 주거지,①-3,주거지,-,서울대학교 기초과학공동기기원,SNU 10-R170,탄화목,1760,50,"국립문화재연구소, 2013, 풍납토성ⅩV",
62,PNTS-62,210161.566 ,548471.219 ,풍납토성 미래마을,라-8호 주거지,①-4,주거지,-,서울대학교 기초과학공동기기원,SNU 10-R171,탄화목,1870,50,"국립문화재연구소, 2013, 풍납토성ⅩV",
63,PNTS-63,210161.566 ,548471.219 ,풍납토성 미래마을,라-8호 주거지,①-5,주거지,-,서울대학교 기초과학공동기기원,SNU 10-R172,탄화목,1790,50,"국립문화재연구소, 2013, 풍납토성ⅩV",
64,PNTS-64,210161.566 ,548471.219 ,풍납토성 미래마을,라-8호 주거지,①-6,주거지,-,서울대학교 기초과학공동기기원,SNU 10-R173,탄화목,1820,50,"국립문화재연구소, 2013, 풍납토성ⅩV",
65,PNTS-65,210161.566 ,548471.219 ,풍납토성 미래마을,라-8호 주거지,②-1,주거지,-,서울대학교 기초과학공동기기원,SNU 10-R174,탄화목,2180,50,"국립문화재연구소, 2013, 풍납토성ⅩV",
66,PNTS-66,210161.566 ,548471.219 ,풍납토성 미래마을,라-8호 주거지,②-2,주거지,-,서울대학교 기초과학공동기기원,SNU 10-R175,탄화목,1970,50,"국립문화재연구소, 2013, 풍납토성ⅩV",
67,PNTS-67,210178.377 ,548459.109 ,풍납토성 미래마을,나-19호 주거지,내부 서벽 ①,주거지,-,서울대학교 기초과학공동기기원,SNU 11-R090,탄화목,2000,40,"국립문화재연구소, 2013, 풍납토성ⅩV",보고시 유구명 변경
68,PNTS-68,210178.377 ,548459.109 ,풍납토성 미래마을,나-19호 주거지,내부 서벽 ②-1,주거지,-,서울대학교 기초과학공동기기원,SNU 11-R091,탄화목,2070,40,"국립문화재연구소, 2013, 풍납토성ⅩV",보고시 유구명 변경
69,PNTS-69,210178.377 ,548459.109 ,풍납토성 미래마을,라-19호 주거지,내부 서벽 ②-2,주거지,-,서울대학교 기초과학공동기기원,SNU 11-R092,탄화목,2030,50,"국립문화재연구소, 2013, 풍납토성ⅩV",
70,PNTS-70,210178.377 ,548459.109 ,풍납토성 미래마을,라-19호 주거지,서벽 ③-1,주거지,-,서울대학교 기초과학공동기기원,SNU 11-R093,탄화목,2030,40,"국립문화재연구소, 2013, 풍납토성ⅩV",
71,PNTS-71,210178.377 ,548459.109 ,풍납토성 미래마을,라-19호 주거지,서벽 ④,주거지,-,서울대학교 기초과학공동기기원,SNU 11-R094,탄화목,1890,40,"국립문화재연구소, 2013, 풍납토성ⅩV",
72,PNTS-72,210178.377 ,548459.109 ,풍납토성 미래마을,라-19호 주거지,바닥 62grid ⑦,주거지,-,서울대학교 기초과학공동기기원,SNU 11-R095,탄화목,2010,40,"국립문화재연구소, 2013, 풍납토성ⅩV",
73,PNTS-73,210126.236 ,548446.417 ,풍납토성 미래마을,마-1호 주거지,부뚜막 내부 ①,주거지,-,서울대학교 기초과학공동기기원,SNU 11-R096,탄화목,1800,40,"국립문화재연구소, 2012, 풍납토성ⅩⅣ",
74,PNTS-74,210126.236 ,548446.417 ,풍납토성 미래마을,마-1호 주거지,부뚜막 왼편 ②,주거지,-,서울대학교 기초과학공동기기원,SNU 11-R097,탄화목,1840,40,"국립문화재연구소, 2012, 풍납토성ⅩⅣ",
75,PNTS-75,210126.236 ,548446.417 ,풍납토성 미래마을,마-1호 주거지,주거지 남서편 ③,주거지,-,서울대학교 기초과학공동기기원,SNU 11-R098,탄화목,1840,40,"국립문화재연구소, 2012, 풍납토성ⅩⅣ",
76,PNTS-76,-,-,풍납토성 경당지구,경당 1구역 229-6호,-,-,-,한국지질자원연구원,KR 08-293,탄화목,1780,40,"한신대학교박물관, 2011, 풍납토성? - 경당지구 196호 유구에 대한 보고 -",위치 부정확
77,PNTS-77,210336.173 ,548493.802 ,풍납토성 경당지구,경당 1구역 206호,사도되메우기층-2,-,-,한국지질자원연구원,KR 08-294,탄화목,1840,50,"한신대학교박물관, 2011, 풍납토성? - 경당지구 196호 유구에 대한 보고 -",
78,PNTS-78,210333.363 ,548498.542 ,풍납토성 경당지구,경당 1구역,전체토층 6-1층,-,-,한국지질자원연구원,KR 08-296,탄화목,1670,50,"한신대학교박물관, 2011, 풍납토성? - 경당지구 196호 유구에 대한 보고 -",
79,PNTS-79,210333.363 ,548498.542 ,풍납토성 경당지구,경당 1구역,전체토층 6-2층,-,-,한국지질자원연구원,KR 08-297,탄화목,1550,40,"한신대학교박물관, 2011, 풍납토성? - 경당지구 196호 유구에 대한 보고 -",
80,PNTS-80,210335.938 ,548493.690 ,풍납토성 경당지구,경당 1구역 206호,사도되메우기층-1,-,-,한국지질자원연구원,KR 08-298,탄화목,1760,40,"한신대학교박물관, 2011, 풍납토성? - 경당지구 196호 유구에 대한 보고 -",
81,PNTS-81,210342.793 ,548543.401 ,풍납토성 경당지구,경당 2구역 101호,남북 보크 D 수혈 2층,수혈,-,한국지질자원연구원,KR 08-299,탄화목,1790,40,"한신대학교박물관, 2011, 풍납토성? - 경당지구 196호 유구에 대한 보고 -",
82,PNTS-82,210342.793 ,548543.401 ,풍납토성 경당지구,경당 2구역 101호,남북 보크 5층,수혈,-,한국지질자원연구원,KR 08-300,탄화목,1710,40,"한신대학교박물관, 2011, 풍납토성? - 경당지구 196호 유구에 대한 보고 -",
83,PNTS-83,210342.793 ,548543.401 ,풍납토성 경당지구,경당 2구역 101호,동서 보크 13층,수혈,-,한국지질자원연구원,KR 08-301,탄화목,1660,40,"한신대학교박물관, 2011, 풍납토성? - 경당지구 196호 유구에 대한 보고 -",
84,PNTS-84,210356.073 ,548559.270 ,풍납토성 경당지구,경당 3구역 44호,남쪽 보크 상,건물지,-,한국지질자원연구원,KR 08-303,탄화목,1840,40,"한신대학교박물관, 2011, 풍납토성? - 경당지구 196호 유구에 대한 보고 -",
85,PNTS-85,210356.073 ,548559.270 ,풍납토성 경당지구,경당 3구역 44호,남쪽 보크 하,건물지,-,한국지질자원연구원,KR 08-304,탄화목,1760,40,"한신대학교박물관, 2011, 풍납토성? - 경당지구 196호 유구에 대한 보고 -",
86,PNTS-86,210356.073 ,548559.270 ,풍납토성 경당지구,경당 3구역 44호,동쪽 보크 하,건물지,-,한국지질자원연구원,KR 08-305,탄화목,1750,40,"한신대학교박물관, 2011, 풍납토성? - 경당지구 196호 유구에 대한 보고 -",
87,PNTS-87,210356.073 ,548559.270 ,풍납토성 경당지구,경당 3구역 44호,서쪽 보크 하,건물지,-,한국지질자원연구원,KR 08-306,탄화목,1740,40,"한신대학교박물관, 2011, 풍납토성? - 경당지구 196호 유구에 대한 보고 -",
88,PNTS-88,210356.073 ,548559.270 ,풍납토성 경당지구,경당 3구역 44호,상면 벽체 제거중,건물지,-,한국지질자원연구원,KR 08-307,탄화목,1730,40,"한신대학교박물관, 2011, 풍납토성? - 경당지구 196호 유구에 대한 보고 -",
89,PNTS-89,210356.073 ,548559.270 ,풍납토성 경당지구,경당 3구역 44호,출입구 부분 적석시설,건물지,-,한국지질자원연구원,KR 08-308,탄화목,1840,40,"한신대학교박물관, 2011, 풍납토성? - 경당지구 196호 유구에 대한 보고 -",
90,PNTS-90,210320.962 ,548512.948 ,풍납토성 경당지구,경당 4구역 196호,기둥,건물지,-,한국지질자원연구원,KR 08-309,탄화목,1810,40,"한신대학교박물관, 2011, 풍납토성? - 경당지구 196호 유구에 대한 보고 -",
91,PNTS-91,210320.962 ,548512.948 ,풍납토성 경당지구,경당 4구역 196호,벽체 목재,건물지,-,한국지질자원연구원,KR 08-310,탄화목,1730,40,"한신대학교박물관, 2011, 풍납토성? - 경당지구 196호 유구에 대한 보고 -",
92,PNTS-92,210050.368 ,547660.298 ,풍납토성 동성벽(학제),동성벽(학제),초축 지정공사,성벽,PN2011-01,Beta Analytic,BETA-306898,목재,1770,30,"국립문화재연구소, 2014, 풍납토성ⅩⅥ - 성벽의 축조공법 및 연대 규명을 위한 학제간 융합연구 -",정확한 좌표가 보고됨
93,PNTS-93,210050.368 ,547660.298 ,풍납토성 동성벽(학제),동성벽(학제),초축 지정공사,성벽,PN2011-01,University of Glasgow,SUERC-36921,목재,1790,30,"국립문화재연구소, 2014, 풍납토성ⅩⅥ - 성벽의 축조공법 및 연대 규명을 위한 학제간 융합연구 -",정확한 좌표가 보고됨
94,PNTS-94,210047.020 ,547661.243 ,풍납토성 동성벽(학제),동성벽(학제),초축 지정공사,성벽,PN2011-06,Beta Analytic,BETA-306903,목재,1730,30,"국립문화재연구소, 2014, 풍납토성ⅩⅥ - 성벽의 축조공법 및 연대 규명을 위한 학제간 융합연구 -",정확한 좌표가 보고됨
95,PNTS-95,210047.020 ,547661.243 ,풍납토성 동성벽(학제),동성벽(학제),초축 지정공사,성벽,PN2011-06,University of Glasgow,SUERC-36922,목재,1855,30,"국립문화재연구소, 2014, 풍납토성ⅩⅥ - 성벽의 축조공법 및 연대 규명을 위한 학제간 융합연구 -",정확한 좌표가 보고됨
96,PNTS-96,210046.016 ,547662.262 ,풍납토성 동성벽(학제),동성벽(학제),초축 지정공사,성벽,PN2011-06-re,University of Glasgow,SUERC-39134,목재,1730,25,"국립문화재연구소, 2014, 풍납토성ⅩⅥ - 성벽의 축조공법 및 연대 규명을 위한 학제간 융합연구 -",정확한 좌표가 보고됨
97,PNTS-97,210051.476 ,547653.781 ,풍납토성 동성벽(학제),동성벽(학제),초축 성토공사,성벽,PN2011-02(new),Beta Analytic,BETA-307342,탄화목,1660,30,"국립문화재연구소, 2014, 풍납토성ⅩⅥ - 성벽의 축조공법 및 연대 규명을 위한 학제간 융합연구 -",정확한 좌표가 보고됨
98,PNTS-98,210047.531 ,547657.271 ,풍납토성 동성벽(학제),동성벽(학제),초축 성토공사,성벽,PN2011-03,Beta Analytic,BETA-306900,탄화목,1630,30,"국립문화재연구소, 2014, 풍납토성ⅩⅥ - 성벽의 축조공법 및 연대 규명을 위한 학제간 융합연구 -",정확한 좌표가 보고됨
99,PNTS-99,210047.531 ,547657.271 ,풍납토성 동성벽(학제),동성벽(학제),초축 성토공사,성벽,PN2011-03,University of Glasgow,SUERC-37213,탄화목,1710,40,"국립문화재연구소, 2014, 풍납토성ⅩⅥ - 성벽의 축조공법 및 연대 규명을 위한 학제간 융합연구 -",정확한 좌표가 보고됨
100,PNTS-100,210045.101 ,547661.140 ,풍납토성 동성벽(학제),동성벽(학제),1차 증축,성벽,PN2011-4,Beta Analytic,BETA-306901,탄화목,1640,30,"국립문화재연구소, 2014, 풍납토성ⅩⅥ - 성벽의 축조공법 및 연대 규명을 위한 학제간 융합연구 -",정확한 좌표가 보고됨
101,PNTS-101,210045.101 ,547661.140 ,풍납토성 동성벽(학제),동성벽(학제),1차 증축,성벽,PN2011-4,University of Glasgow,SUERC-36922,탄화목,1740,35,"국립문화재연구소, 2014, 풍납토성ⅩⅥ - 성벽의 축조공법 및 연대 규명을 위한 학제간 융합연구 -",정확한 좌표가 보고됨
102,PNTS-102,210047.622 ,547664.287 ,풍납토성 동성벽(학제),동성벽(학제),1차 증축,성벽,PN2011-04-re,University of Glasgow,SUERC-37213,목재,1895,30,"국립문화재연구소, 2014, 풍납토성ⅩⅥ - 성벽의 축조공법 및 연대 규명을 위한 학제간 융합연구 -",정확한 좌표가 보고됨
103,PNTS-103,210054.776 ,547651.239 ,풍납토성 동성벽(학제),동성벽(학제),보수구간,성벽,PN2011-05,Beta Analytic,BETA-306902,탄화목,1650,30,"국립문화재연구소, 2014, 풍납토성ⅩⅥ - 성벽의 축조공법 및 연대 규명을 위한 학제간 융합연구 -",정확한 좌표가 보고됨
104,PNTS-104,210054.776 ,547651.239 ,풍납토성 동성벽(학제),동성벽(학제),보수구간,성벽,PN2011-05,University of Glasgow,SUERC-37331,탄화목,1760,35,"국립문화재연구소, 2014, 풍납토성ⅩⅥ - 성벽의 축조공법 및 연대 규명을 위한 학제간 융합연구 -",정확한 좌표가 보고됨
105,PNTS-105,210056.723 ,547654.675 ,풍납토성 동성벽(학제),동성벽(학제),보수구간,성벽,PN2011-05-re,University of Glasgow,SUERC-39130,탄화목,1720,30,"국립문화재연구소, 2014, 풍납토성ⅩⅥ - 성벽의 축조공법 및 연대 규명을 위한 학제간 융합연구 -",정확한 좌표가 보고됨
106,PNTS-106,210091.915 ,547657.483 ,풍납토성 태양열주택부지,구상유구,내부토 ,구상유구,PN-16-1,Beta Analytic,BETA-439595,-,1720,30,"국립강화문화재연구소, 2017, 풍납토성ⅩⅧ - (구)태양열주택부지 발굴조사 보고서 -",
107,PNTS-107,210091.915 ,547657.483 ,풍납토성 태양열주택부지,구상유구,합 출토지점,구상유구,PN-16-2,Beta Analytic,BETA-439596,-,1730,30,"국립강화문화재연구소, 2017, 풍납토성ⅩⅧ - (구)태양열주택부지 발굴조사 보고서 -",
108,PNTS-108,210090.724 ,547658.406 ,풍납토성 태양열주택부지,트렌치 2,자갈다짐층,-,PN-16-3,Beta Analytic,BETA-439597,-,1760,30,"국립강화문화재연구소, 2017, 풍납토성ⅩⅧ - (구)태양열주택부지 발굴조사 보고서 -",
109,PNTS-109,210119.639 ,547639.317 ,풍납토성 태양열주택부지,동쪽 확장구간 수혈 내부,-,수혈,PN-16-4,Beta Analytic,BETA-439598,-,1700,30,"국립강화문화재연구소, 2017, 풍납토성ⅩⅧ - (구)태양열주택부지 발굴조사 보고서 -",
110,PNTS-110,210829.897 ,548637.106 ,풍납동 474-2,1호 수혈,1,수혈,-,KIST,KISTAMS 2100140,탄화목,1683,20,"고려문화재연구원, 2023, 서울 풍납동 474-2번지 유적",
111,PNTS-111,210829.897 ,548637.106 ,풍납동 474-2,1호 수혈,2,수혈,-,KIST,KISTAMS 2100141,탄화목,1589,19,"고려문화재연구원, 2023, 서울 풍납동 474-2번지 유적",
112,PNTS-112,210084.804 ,548146.930 ,풍납동 281-4,10호 수혈,내부,수혈,-,CAL,-,탄화목,1780,30,"수도문물연구원, 2023, 서울 풍납동 281-4번지 유적",
113,BI-1,209936.024 ,546381.047 ,방이동 41-2,10호 주거지,바닥,주거지,-,CAL,-,탄화목,1500,30,"춘추문화유산연구원, 2024, 서울 방이동 41-2번지 유적",
114,BI-2,209946.720 ,546371.108 ,방이동 41-2,13호 주거지,바닥,주거지,-,CAL,-,탄화목,1580,30,"춘추문화유산연구원, 2024, 서울 방이동 41-2번지 유적",
115,BI-3,210072.752 ,546313.494 ,방이동 48,1호 주거지,-,주거지,방이-1,CAL,-,탄화목,1660,40,"한울문화유산연구원, 2024, 서울 방이동 48번지 유적",
116,BI-4,210072.752 ,546313.494 ,방이동 48,1호 주거지,-,주거지,방이-2,CAL,-,탄화목,1770,40,"한울문화유산연구원, 2024, 서울 방이동 48번지 유적",
117,BI-5,210051.201 ,546322.571 ,방이동 48,4호 주거지,-,주거지,방이-3,CAL,-,탄화목,1720,40,"한울문화유산연구원, 2024, 서울 방이동 48번지 유적",
118,BI-6,210043.507 ,546320.254 ,방이동 48,6호 주거지,-,주거지,방이-4,CAL,-,탄화목,1800,40,"한울문화유산연구원, 2024, 서울 방이동 48번지 유적",
119,AS-1,211552.641 ,550978.512 ,암사동 193,2지점 백제 20호 수혈,-,수혈,암사-6,한국지질자원연구원,KGM-OWd190697,-,1340,30,"한울문화재연구원, 2021, 서울 암사동 193번지 유적",
120,AS-2,211549.060 ,550974.400 ,암사동 193,2지점 시기미상 37호 수혈,-,수혈,암사-7,한국지질자원연구원,KGM-OWd190698,-,1330,30,"한울문화재연구원, 2021, 서울 암사동 193번지 유적",
121,AS-3,211539.203 ,550914.153 ,암사동 193,1지점 시기미상 42호 수혈,-,수혈,암사-9,한국지질자원연구원,KGM-OWd190700,-,1430,30,"한울문화재연구원, 2021, 서울 암사동 193번지 유적",SiteID가 잘못 보고됨
122,CH-1,210827.890 ,548887.786 ,천호동 458-3,6호 주거지,-,주거지,-,Radpion,RPC190097,탄화목,1700,40,"비전문화유산연구원, 2021, 서울 천호동 458-3번지 유적",
123,CH-2,210763.624 ,549554.230 ,천호동 328-9,주거지,내부,주거지,시료 1,CAL,CWd231159,탄화목,1690,30,"수도문물연구원, 2024, 천호동 328-9번지 유적",
124,MCTS-1,210728.727 ,547076.100 ,몽촌토성 북문지 내측(2013-2014),삼국시대 수혈,"1, 바닥(흙 포함)",수혈,몽촌-14-12,한국지질자원연구원,KGM-OWd150397,탄화목,1570,30,"한성백제박물관, 2016, 몽촌토성Ⅰ",
125,MCTS-2,210734.066 ,547079.475 ,몽촌토성 북문지 내측(2013-2014),삼국시대 구상유구,"1, 바닥(흙 포함)",구상유구,몽촌-14-13,한국지질자원연구원,KGM-OWd150398,탄화목,1640,30,"한성백제박물관, 2016, 몽촌토성Ⅰ",
126,MCTS-3,210610.585 ,547198.085 ,몽촌토성 북서벽 구 목책 설치구간,성벽,1pit 바닥 채취,성벽,몽촌-14-17,한국지질자원연구원,KGM-OWd150402,탄화목,1550,30,"한성백제박물관, 2016, 몽촌토성Ⅰ",
127,MCTS-4,210593.445 ,547176.751 ,몽촌토성 북서벽 구 목책 설치구간,수혈,수혈 바닥 채취,수혈,몽촌-14-18,한국지질자원연구원,KGM-OWd150403,탄화목,1600,40,"한성백제박물관, 2016, 몽촌토성Ⅰ",
128,MCTS-5,210761.514 ,547076.379 ,몽촌토성 북문지 일원(통일신라시대),19호 주거지,-,주거지,몽촌-15-2,한국지질자원연구원,KGM-OWd150686,탄화목,1590,30,"한성백제박물관, 2019, 몽촌토성Ⅲ",
129,MCTS-6,210718.272 ,547095.522 ,몽촌토성 북문지 일원(통일신라시대),20호 주거지,생활면,주거지,몽촌-15-3,한국지질자원연구원,KGM-OWd150687,탄화목,1300,40,"한성백제박물관, 2019, 몽촌토성Ⅲ",
130,MCTS-7,210718.272 ,547095.522 ,몽촌토성 북문지 일원(통일신라시대),20호 주거지,아궁이,주거지,몽촌-15-4,한국지질자원연구원,KGM-OWd150688,탄화목,1320,30,"한성백제박물관, 2019, 몽촌토성Ⅲ",
131,MCTS-8,210746.110 ,547107.001 ,몽촌토성 북문지 일원(통일신라시대),26호 주거지,재층(내부토),주거지,몽촌-15-5,한국지질자원연구원,KGM-OWd150689,탄화목,1480,50,"한성백제박물관, 2019, 몽촌토성Ⅲ",
132,MCTS-9,210742.938 ,547099.736 ,몽촌토성 북문지 일원(통일신라시대),27호 주거지,생활면,주거지,몽촌-15-6,한국지질자원연구원,KGM-OWd150690,탄화목,1700,40,"한성백제박물관, 2019, 몽촌토성Ⅲ",
133,MCTS-10,210742.938 ,547099.736 ,몽촌토성 북문지 일원(통일신라시대),27호 주거지,아궁이,주거지,몽촌-15-7,한국지질자원연구원,KGM-OWd150691,탄화목,1590,30,"한성백제박물관, 2019, 몽촌토성Ⅲ",
134,MCTS-11,210752.554 ,547094.554 ,몽촌토성 북문지 일원(통일신라시대),28호 주거지,생활면,주거지,몽촌-15-8,한국지질자원연구원,KGM-OWd150692,탄화목,1290,40,"한성백제박물관, 2019, 몽촌토성Ⅲ",
135,MCTS-12,210767.776 ,547077.688 ,몽촌토성 북문지 일원(통일신라시대),주혈군 B군,-,주혈,몽촌-15-13,한국지질자원연구원,KGM-OWd160101,탄화목,1770,40,"한성백제박물관, 2019, 몽촌토성Ⅲ",
136,MCTS-13,210734.066 ,547008.990 ,몽촌토성 북문지 일원(통일신라시대),3호 수혈,바닥 재층,수혈,몽촌-15-22,한국지질자원연구원,KGM-OWd160110,탄화목,1670,30,"한성백제박물관, 2019, 몽촌토성Ⅲ",
137,MCTS-14,210748.323 ,547016.932 ,몽촌토성 북문지 일원(통일신라시대),2지구 주혈군,바닥,주혈,몽촌-15-23,한국지질자원연구원,KGM-OWd160111,탄화목,1640,30,"한성백제박물관, 2019, 몽촌토성Ⅲ",
138,MCTS-15,210737.788 ,547023.696 ,몽촌토성 북문지 일원(통일신라시대),2지구 우물,우물 바닥면 재층,우물,몽촌-15-24,한국지질자원연구원,KGM-OWd160112,탄화목,1380,30,"한성백제박물관, 2019, 몽촌토성Ⅲ",
139,MCTS-16,210735.704 ,547032.615 ,몽촌토성 북문지 일원(통일신라시대),2지구 1호 수혈,생활면,수혈,몽촌-18-04,Radpion,RPC-190055,탄화목,1770,40,"한성백제박물관, 2019, 몽촌토성Ⅲ",
140,MCTS-17,210736.143 ,547078.219 ,몽촌토성 북문지 일원(삼국시대 1),I-2호 수혈,바닥,수혈,몽촌-14-13,한국지질자원연구원,KGM-OWd150398,탄화목,1640,30,"한성백제박물관, 2021, 몽촌토성Ⅳ",
141,MCTS-18,210754.158 ,547089.253 ,몽촌토성 북문지 일원(삼국시대 1),I-5호 수혈,바닥 재층,수혈,몽촌15-15,한국지질자원연구원,KGM-OWd160103,탄화목,1610,30,"한성백제박물관, 2021, 몽촌토성Ⅳ",
142,MCTS-19,210755.410 ,547086.838 ,몽촌토성 북문지 일원(삼국시대 1),I-6호 수혈,바닥 재층,수혈,몽촌-15-16,한국지질자원연구원,KGM-OWd160104,탄화목,1590,30,"한성백제박물관, 2021, 몽촌토성Ⅳ",
143,MCTS-20,210755.410 ,547086.838 ,몽촌토성 북문지 일원(삼국시대 1),I-6호 수혈,-,수혈,몽촌-16-16,한국지질자원연구원,KGM-OWd170052,탄화목,1560,30,"한성백제박물관, 2021, 몽촌토성Ⅳ",
144,MCTS-21,210755.410 ,547086.838 ,몽촌토성 북문지 일원(삼국시대 1),I-6호 수혈,재층(초본류),수혈,몽촌-16-17,한국지질자원연구원,KGM-OWd170053,탄화목,1780,30,"한성백제박물관, 2021, 몽촌토성Ⅳ",
145,MCTS-22,210758.229 ,547083.054 ,몽촌토성 북문지 일원(삼국시대 1),I-7호 수혈,바닥 재층,수혈,몽촌-15-17,한국지질자원연구원,KGM-OWd160105,탄화목,1650,30,"한성백제박물관, 2021, 몽촌토성Ⅳ",
146,MCTS-23,210758.229 ,547083.054 ,몽촌토성 북문지 일원(삼국시대 1),I-7호 수혈,황갈색 점토 상면 부뚜막 좌측,수혈,몽촌-16-18,한국지질자원연구원,KGM-OWd170054,탄화목,1650,30,"한성백제박물관, 2021, 몽촌토성Ⅳ",
147,MCTS-24,210758.229 ,547083.054 ,몽촌토성 북문지 일원(삼국시대 1),I-7호 수혈,바닥면 회색점토 내 부뚜막 우측,수혈,몽촌-16-19,한국지질자원연구원,KGM-OWd170055,탄화목,1580,30,"한성백제박물관, 2021, 몽촌토성Ⅳ",
148,MCTS-25,210758.229 ,547083.054 ,몽촌토성 북문지 일원(삼국시대 1),I-7호 수혈,-,수혈,몽촌-16-20,한국지질자원연구원,KGM-OWd170056,탄화목,1560,30,"한성백제박물관, 2021, 몽촌토성Ⅳ",
149,MCTS-26,210758.229 ,547083.054 ,몽촌토성 북문지 일원(삼국시대 1),I-7호 수혈,-,수혈,몽촌-17-03,Radpion,RPC-180172,탄화목,1520,30,"한성백제박물관, 2021, 몽촌토성Ⅳ",
150,MCTS-27,210739.718 ,547082.926 ,몽촌토성 북문지 일원(삼국시대 1),I-14호 수혈,재층 상단(바로 위층),수혈,몽촌-16-23,한국지질자원연구원,KGM-OWd170059,탄화목,1530,30,"한성백제박물관, 2021, 몽촌토성Ⅳ",
151,MCTS-28,210739.718 ,547082.926 ,몽촌토성 북문지 일원(삼국시대 1),I-14호 수혈,생활면,수혈,몽촌-16-24,한국지질자원연구원,KGM-OWd170060,탄화목,1570,30,"한성백제박물관, 2021, 몽촌토성Ⅳ",
152,MCTS-29,210739.718 ,547082.926 ,몽촌토성 북문지 일원(삼국시대 1),I-14호 수혈,추정 고래 아궁이,수혈,몽촌-16-31,한국지질자원연구원,KGM-OWd170067,탄화목,1600,30,"한성백제박물관, 2021, 몽촌토성Ⅳ",
153,MCTS-30,210739.718 ,547082.926 ,몽촌토성 북문지 일원(삼국시대 1),I-14호 수혈,-,수혈,몽촌-17-15,Radpion,RPC-180179,탄화목,1540,30,"한성백제박물관, 2021, 몽촌토성Ⅳ",
154,MCTS-31,210744.761 ,547074.497 ,몽촌토성 북문지 일원(삼국시대 1),I-15호 수혈,-,수혈,몽촌-16-25,한국지질자원연구원,KGM-OWd170061,탄화목,1720,30,"한성백제박물관, 2021, 몽촌토성Ⅳ",
155,MCTS-32,210744.761 ,547074.497 ,몽촌토성 북문지 일원(삼국시대 1),I-15호 수혈,-,수혈,몽촌-16-26,한국지질자원연구원,KGM-OWd170062,탄화목,1650,30,"한성백제박물관, 2021, 몽촌토성Ⅳ",
156,MCTS-33,210747.887 ,547073.452 ,몽촌토성 북문지 일원(삼국시대 1),I-16호 수혈,-,수혈,몽촌-16-27,한국지질자원연구원,KGM-OWd170063,탄화목,1630,30,"한성백제박물관, 2021, 몽촌토성Ⅳ",
157,MCTS-34,210750.974 ,547089.394 ,몽촌토성 북문지 일원(삼국시대 1),I-25호 수혈,-,수혈,몽촌-18-10,Radpion,RPC-190060,탄화목,1630,40,"한성백제박물관, 2021, 몽촌토성Ⅳ",
158,MCTS-35,210746.285 ,547093.664 ,몽촌토성 북문지 일원(삼국시대 1),I-26호 수혈,-,수혈,몽촌-17-24,Radpion,RPC-180184,탄화목,1620,30,"한성백제박물관, 2021, 몽촌토성Ⅳ",
159,MCTS-36,210737.453 ,547079.794 ,몽촌토성 북문지 일원(삼국시대 1),I-27호 수혈,소결면,수혈,몽촌-16-28,한국지질자원연구원,KGM-OWd170064,탄화목,1610,30,"한성백제박물관, 2021, 몽촌토성Ⅳ",
160,MCTS-37,210737.453 ,547079.794 ,몽촌토성 북문지 일원(삼국시대 1),I-27호 수혈,소결면 집석부 내부,수혈,몽촌-16-29,한국지질자원연구원,KGM-OWd170065,탄화목,1600,30,"한성백제박물관, 2021, 몽촌토성Ⅳ",
161,MCTS-38,210737.453 ,547079.794 ,몽촌토성 북문지 일원(삼국시대 1),I-27호 수혈,생활면,수혈,몽촌-16-30,한국지질자원연구원,KGM-OWd170066,탄화목,1660,30,"한성백제박물관, 2021, 몽촌토성Ⅳ",
162,MCTS-39,210749.026 ,547094.332 ,몽촌토성 북문지 일원(삼국시대 1),I-30호 수혈,-,수혈,몽촌-18-01,Radpion,RPC-180185,탄화목,1640,30,"한성백제박물관, 2021, 몽촌토성Ⅳ",
163,MCTS-40,210745.458 ,547095.015 ,몽촌토성 북문지 일원(삼국시대 1),I-32호 수혈,-,수혈,몽촌-18-08,Radpion,RPC-190058,탄화목,1620,40,"한성백제박물관, 2021, 몽촌토성Ⅳ",
164,MCTS-41,210741.973 ,547095.421 ,몽촌토성 북문지 일원(삼국시대 1),I-33호 수혈,-,수혈,몽촌-16-21,한국지질자원연구원,KGM-OWd170057,탄화목,1720,30,"한성백제박물관, 2021, 몽촌토성Ⅳ",
165,MCTS-42,210741.973 ,547095.421 ,몽촌토성 북문지 일원(삼국시대 1),I-33호 수혈,바닥,수혈,몽촌-16-22,한국지질자원연구원,KGM-OWd170058,탄화목,1530,30,"한성백제박물관, 2021, 몽촌토성Ⅳ",
166,MCTS-43,210750.384 ,547084.104 ,몽촌토성 북문지 일원(삼국시대 1),I-9호 수혈,바닥 재층,수혈,몽촌-15-18,한국지질자원연구원,KGM-OWd160106,탄화목,1710,30,"한성백제박물관, 2021, 몽촌토성Ⅳ",
167,MCTS-44,210747.997 ,547081.792 ,몽촌토성 북문지 일원(삼국시대 1),I-11호 수혈,바닥,수혈,몽촌-15-19,한국지질자원연구원,KGM-OWd160107,탄화목,1670,30,"한성백제박물관, 2021, 몽촌토성Ⅳ",
168,MCTS-45,210748.944 ,547081.305 ,몽촌토성 북문지 일원(삼국시대 1),I-12호 수혈,바닥,수혈,몽촌-15-20,한국지질자원연구원,KGM-OWd160108,탄화목,1760,30,"한성백제박물관, 2021, 몽촌토성Ⅳ",
169,MCTS-46,210745.346 ,547079.562 ,몽촌토성 북문지 일원(삼국시대 1),I-31호 수혈,-,수혈,몽촌-18-02,Radpion,RPC-180186,탄화목,1630,30,"한성백제박물관, 2021, 몽촌토성Ⅳ",
170,MCTS-47,210745.346 ,547079.562 ,몽촌토성 북문지 일원(삼국시대 1),I-31호 수혈,-,수혈,몽촌-18-07,Radpion,RPC-190057,탄화목,1620,40,"한성백제박물관, 2021, 몽촌토성Ⅳ",
171,MCTS-48,210758.406 ,547083.139 ,몽촌토성 북문지 일원(삼국시대 1),백제 2호 주거지,-,주거지,몽촌-17-11,Radpion,RPC-180177,탄화목,1620,30,"한성백제박물관, 2021, 몽촌토성Ⅳ",
172,MCTS-49,210731.948 ,547099.156 ,몽촌토성 북문지 일원(삼국시대 2),백제 생활면,I-5∼6호수혈 남서측 백제 생활면,-,몽촌-15-14,한국지질자원연구원,KGM-OWd160102,탄화목,1650,30,"한성백제박물관, 2023, 몽촌토성Ⅴ",
173,MCTS-50,210742.992 ,547080.290 ,몽촌토성 북문지 일원(삼국시대 2),I-1호 벽주 건물지,벽구 북서쪽,건물지,몽촌-17-21,Radpion,RPC-180181,탄화목,1550,30,"한성백제박물관, 2023, 몽촌토성Ⅴ",
174,MCTS-51,210733.410 ,547092.474 ,몽촌토성 북문지 일원(삼국시대 2),고구려 문화층,성토대지 성토층(NW18NE13) 그리드남측 둑 제거 중 상부,-,몽촌-17-23,Radpion,RPC-180183,탄화목,1660,30,"한성백제박물관, 2023, 몽촌토성Ⅴ",
175,MCTS-52,210735.268 ,547098.037 ,몽촌토성 북문지 일원(삼국시대 2),고구려 문화층,성토대지 성토층(NW19NE13),-,몽촌-18-3,Radpion,RPC-190054,탄화목,1540,30,"한성백제박물관, 2023, 몽촌토성Ⅴ",
176,MCTS-53,210750.033 ,547084.339 ,몽촌토성 북문지 일원(삼국시대 2),I-2호 벽주 건물지,8번 주혈,건물지,몽촌-18-5,Radpion,RPC-190056,탄화목,1590,40,"한성백제박물관, 2023, 몽촌토성Ⅴ",
177,MCTS-54,210737.450 ,547103.626 ,몽촌토성 북문지 일원(삼국시대 3),성내순환도로,성내순환도로 하부,도로,120170365-011-00,한국지질자원연구원,KGM-OWd170047,탄화목,1770,30,"한성백제박물관, 2024, 몽촌토성Ⅵ",
178,MCTS-55,210737.450 ,547103.626 ,몽촌토성 북문지 일원(삼국시대 3),성내순환도로,성내순환도로 하부,도로,120170365-013-00,한국지질자원연구원,KGM-OWd170050,탄화목,1680,30,"한성백제박물관, 2024, 몽촌토성Ⅵ",
179,MCTS-56,210738.730 ,547071.590 ,몽촌토성 북문지 일원(삼국시대 3),1호 동서도로 측구,1호 동서도로 측구 내 목탄층,도로,120170365-014-00,한국지질자원연구원,KGM-OWd170051,탄화목,1640,40,"한성백제박물관, 2024, 몽촌토성Ⅵ",
180,MCTS-57,210738.730 ,547071.590 ,몽촌토성 북문지 일원(삼국시대 3),1호 동서도로 측구,1호 동서도로 측구 내 목탄층,도로,120170365-015-00,한국지질자원연구원,-,탄화목,1630,30,"한성백제박물관, 2024, 몽촌토성Ⅵ",
181,MCTS-58,210746.757 ,547062.085 ,몽촌토성 북문지 일원(삼국시대 3),백제 개축도로 1호 동서도로 노면,NW16NE12 Pit 14 백제 개축도로 1호 동서도로 노면 상면 재층,도로,-,Radpion,RPC-180182,탄화목,1660,30,"한성백제박물관, 2024, 몽촌토성Ⅵ",
182,SC-1,209905.248 ,546661.329 ,신천동 20-4,1구역 2호 주거지,1,주거지,-,Radpion,RPC-220282,탄화목,1690,40,"도원문화재연구원, 2024, 서울 신천동 20-4번지 유적",
183,SC-2,209905.248 ,546661.329 ,신천동 20-4,1구역 2호 주거지,2,주거지,-,Radpion,RPC-220283,탄화목,1730,30,"도원문화재연구원, 2024, 서울 신천동 20-4번지 유적",
184,SC-3,209905.248 ,546661.329 ,신천동 20-4,1구역 2호 주거지,3,주거지,-,Radpion,RPC-220284,탄화목,1730,30,"도원문화재연구원, 2024, 서울 신천동 20-4번지 유적",
185,SC-4,209905.248 ,546661.329 ,신천동 20-4,1구역 2호 주거지,4,주거지,-,Radpion,RPC-220285,탄화목,1730,30,"도원문화재연구원, 2024, 서울 신천동 20-4번지 유적",
186,SC-5,210041.397 ,546702.612 ,신천동 20-4,2구역 3호 주거지,-,주거지,-,Radpion,RPC-220286,탄화목,1730,30,"도원문화재연구원, 2024, 서울 신천동 20-4번지 유적",
187,SC-6,209995.737 ,546697.437 ,신천동 20-4,2구역 4호 수혈,-,수혈,-,Radpion,RPC-220287,탄화목,1680,30,"도원문화재연구원, 2024, 서울 신천동 20-4번지 유적",
188,SC-7,209955.449 ,546664.489 ,신천동 20-4,2구역 10호 수혈,-,수혈,-,Radpion,RPC-220288,탄화목,1760,30,"도원문화재연구원, 2024, 서울 신천동 20-4번지 유적",
189,SC-8,209957.682 ,546663.298 ,신천동 20-4,2구역 11호 수혈,-,수혈,-,Radpion,RPC-220289,탄화목,1720,40,"도원문화재연구원, 2024, 서울 신천동 20-4번지 유적",
190,SC-9,209956.135 ,546658.317 ,신천동 20-4,2구역 12호 수혈,-,수혈,-,Radpion,RPC-220290,탄화목,1650,40,"도원문화재연구원, 2024, 서울 신천동 20-4번지 유적",
191,SC-10,209836.771 ,546487.063 ,신천동 20-4,6구역 1호 주거지,-,주거지,-,Radpion,RPC-220291,탄화목,1780,30,"도원문화재연구원, 2024, 서울 신천동 20-4번지 유적",
192,SC-11,209822.817 ,546505.120 ,신천동 20-4,6구역 3호 주거지,-,주거지,-,Radpion,RPC-220292,탄화목,1680,30,"도원문화재연구원, 2024, 서울 신천동 20-4번지 유적",
193,SC-12,209794.835 ,546471.118 ,신천동 20-4,7구역 7호 주거지,1,주거지,-,Radpion,RPC-220293,탄화목,1710,40,"도원문화재연구원, 2024, 서울 신천동 20-4번지 유적",
194,SC-13,209794.835 ,546471.118 ,신천동 20-4,7구역 7호 주거지,2,주거지,-,Radpion,RPC-220294,탄화목,1700,40,"도원문화재연구원, 2024, 서울 신천동 20-4번지 유적",
195,SC-14,209794.835 ,546471.118 ,신천동 20-4,7구역 7호 주거지,3,주거지,-,Radpion,RPC-220295,탄화목,1740,40,"도원문화재연구원, 2024, 서울 신천동 20-4번지 유적",
196,SC-15,209794.835 ,546471.118 ,신천동 20-4,7구역 7호 주거지,4,주거지,-,Radpion,RPC-220296,탄화목,1730,30,"도원문화재연구원, 2024, 서울 신천동 20-4번지 유적",
197,SC-16,209794.835 ,546471.118 ,신천동 20-4,7구역 7호 주거지,5,주거지,-,Radpion,RPC-220297,탄화목,1720,30,"도원문화재연구원, 2024, 서울 신천동 20-4번지 유적",
198,SC-17,209866.266 ,546457.697 ,신천동 20-4,7구역 13호 주거지,1,주거지,-,Radpion,RPC-220298,탄화목,1680,30,"도원문화재연구원, 2024, 서울 신천동 20-4번지 유적",
199,SC-18,209866.266 ,546457.697 ,신천동 20-4,7구역 13호 주거지,2,주거지,-,Radpion,RPC-220299,탄화목,1650,40,"도원문화재연구원, 2024, 서울 신천동 20-4번지 유적",
200,SC-19,209838.806 ,546455.807 ,신천동 20-4,7구역 21호 주거지,1,주거지,-,Radpion,RPC-220300,탄화목,1740,40,"도원문화재연구원, 2024, 서울 신천동 20-4번지 유적",
201,SC-20,209838.806 ,546455.807 ,신천동 20-4,7구역 21호 주거지,2,주거지,-,Radpion,RPC-220301,탄화목,3000,40,"도원문화재연구원, 2024, 서울 신천동 20-4번지 유적",
202,SC-21,209810.372 ,546476.770 ,신천동 20-4,7구역 22호 주거지,1,주거지,-,Radpion,RPC-220302,탄화목,1730,40,"도원문화재연구원, 2024, 서울 신천동 20-4번지 유적",
203,SC-22,209810.372 ,546476.770 ,신천동 20-4,7구역 22호 주거지,2,주거지,-,Radpion,RPC-220303,탄화목,1760,30,"도원문화재연구원, 2024, 서울 신천동 20-4번지 유적",
204,SC-23,209810.372 ,546476.770 ,신천동 20-4,7구역 22호 주거지,3,주거지,-,Radpion,RPC-220304,탄화목,1740,30,"도원문화재연구원, 2024, 서울 신천동 20-4번지 유적",
205,SC-24,209810.372 ,546476.770 ,신천동 20-4,7구역 22호 주거지,4,주거지,-,Radpion,RPC-220305,탄화목,1720,40,"도원문화재연구원, 2024, 서울 신천동 20-4번지 유적",
206,SC-25,209810.372 ,546476.770 ,신천동 20-4,7구역 22호 주거지,5,주거지,-,Radpion,RPC-220306,탄화목,1750,30,"도원문화재연구원, 2024, 서울 신천동 20-4번지 유적",
207,SC-26,209864.189 ,546512.084 ,신천동 20-4,7구역 30호 주거지,-,주거지,-,Radpion,RPC-220307,탄화목,1690,40,"도원문화재연구원, 2024, 서울 신천동 20-4번지 유적",
208,SC-27,209863.621 ,546511.062 ,신천동 20-4,7구역 32호 주거지,1,주거지,-,Radpion,RPC-220308,탄화목,1770,40,"도원문화재연구원, 2024, 서울 신천동 20-4번지 유적",
209,SC-28,209863.621 ,546511.062 ,신천동 20-4,7구역 32호 주거지,2,주거지,-,Radpion,RPC-220309,탄화목,1710,40,"도원문화재연구원, 2024, 서울 신천동 20-4번지 유적",
210,SC-29,209863.621 ,546511.062 ,신천동 20-4,7구역 32호 주거지,3,주거지,-,Radpion,RPC-220310,탄화목,1740,30,"도원문화재연구원, 2024, 서울 신천동 20-4번지 유적",
211,SC-30,209864.889 ,546511.747 ,신천동 20-4,7구역 37호 주거지,1,주거지,-,Radpion,RPC-220311,탄화목,1680,40,"도원문화재연구원, 2024, 서울 신천동 20-4번지 유적",
212,SC-31,209864.889 ,546511.747 ,신천동 20-4,7구역 37호 주거지,2,주거지,-,Radpion,RPC-220312,탄화목,1740,30,"도원문화재연구원, 2024, 서울 신천동 20-4번지 유적",
213,SC-32,209864.889 ,546511.747 ,신천동 20-4,7구역 37호 주거지,3,주거지,-,Radpion,RPC-220313,탄화목,1720,30,"도원문화재연구원, 2024, 서울 신천동 20-4번지 유적",
214,SC-33,209923.004 ,546487.502 ,신천동 20-4,7구역 138호 수혈,-,수혈,-,Radpion,RPC-220314,탄화목,1640,30,"도원문화재연구원, 2024, 서울 신천동 20-4번지 유적",
215,SC-34,209784.998 ,546421.597 ,신천동 20-4,8구역 4호 주거지,-,주거지,-,Radpion,RPC-220315,탄화목,1750,30,"도원문화재연구원, 2024, 서울 신천동 20-4번지 유적",
216,BI-7,210397.825 ,545420.908 ,방이동 고분군,3호분,"봉토부, 동2Tr 원봉분 하부 1m 깊이",분묘,봉토부 1,Radpion,RPC-180032,탄화목,2730,30,"한성백제박물관, 2019, 방이동고분군 3호분",
217,BI-8,210393.828 ,545417.664 ,방이동 고분군,3호분,"봉토부, 3호분 서2Tr 불다짐층",분묘,봉토부 2-1,Radpion,RPC-180033,탄화목,2790,30,"한성백제박물관, 2019, 방이동고분군 3호분",
218,BI-9,210393.828 ,545417.664 ,방이동 고분군,3호분,"봉토부, 3호분 서2Tr 불다짐층",분묘,봉토부 2-2,Radpion,RPC-180034,탄화목,2770,30,"한성백제박물관, 2019, 방이동고분군 3호분",
219,BI-10,210396.743 ,545417.906 ,방이동 고분군,3호분,"봉토부, 3호분 북Tr 불다짐층",분묘,봉토부 3-1,Radpion,RPC-180035,탄화목,2780,30,"한성백제박물관, 2019, 방이동고분군 3호분",
220,BI-11,210396.743 ,545417.906 ,방이동 고분군,3호분,"봉토부, 3호분 북Tr 불다짐층",분묘,봉토부 3-2,Radpion,RPC-180036,탄화목,2860,30,"한성백제박물관, 2019, 방이동고분군 3호분",
221,BI-12,210397.973 ,545416.593 ,방이동 고분군,3호분,"3호분 내부, 묘도 동-서 피트 내 할석 하부 불다짐 경화면(서벽쪽)",분묘,4,Radpion,RPC-180037,탄화목,1500,30,"한성백제박물관, 2019, 방이동고분군 3호분",
222,BI-13,210396.743 ,545417.906 ,방이동 고분군,3호분,"3호분 내부, 묘도 강자갈 부석 하부 바닥(상부 불다짐 경화면)",분묘,5,Radpion,RPC-180038,탄화목,1490,30,"한성백제박물관, 2019, 방이동고분군 3호분",
223,BI-14,210396.743 ,545417.906 ,방이동 고분군,3호분,"3호분 내부, 연도입구 동쪽 모서리 바닥",분묘,7,Radpion,RPC-180040,탄화목,1480,30,"한성백제박물관, 2019, 방이동고분군 3호분",
224,BI-15,210396.743 ,545417.906 ,방이동 고분군,3호분,"3호분 내부, 현실 바닥 배수로 노출면 불다짐면",분묘,9,Radpion,RPC-180042,탄화목,1510,30,"한성백제박물관, 2019, 방이동고분군 3호분",
225,BI-16,210396.743 ,545417.906 ,방이동 고분군,청동기시대 1호 주거지,탄화부재 1,주거지,10,Radpion,RPC-180043,탄화목,2940,40,"한성백제박물관, 2019, 방이동고분군 3호분",
226,BI-17,210396.743 ,545417.906 ,방이동 고분군,청동기시대 1호 주거지,탄화부재 2,주거지,11-1,Radpion,RPC-180044,탄화목,2930,40,"한성백제박물관, 2019, 방이동고분군 3호분",
227,BI-18,210396.743 ,545417.906 ,방이동 고분군,청동기시대 1호 주거지,탄화부재 2,주거지,11-2,Radpion,RPC-180045,탄화목,2920,30,"한성백제박물관, 2019, 방이동고분군 3호분",
228,BI-19,210402.277 ,545421.234 ,방이동 고분군,삼국시대 백제 1호 주거지,퇴적층 내 북서모서리 부근 호석 하부,주거지,12,Radpion,RPC-180046,탄화목,1720,30,"한성백제박물관, 2019, 방이동고분군 3호분",
229,BI-20,210402.277 ,545421.234 ,방이동 고분군,삼국시대 백제 1호 주거지,아궁이 바닥,주거지,13-1,Radpion,RPC-180047,탄화목,1700,30,"한성백제박물관, 2019, 방이동고분군 3호분",
230,BI-21,210402.277 ,545421.234 ,방이동 고분군,삼국시대 백제 1호 주거지,아궁이 바닥,주거지,13-2,Radpion,RPC-180048,탄화목,1770,30,"한성백제박물관, 2019, 방이동고분군 3호분",
231,BI-22,210398.369 ,545414.500 ,방이동 고분군,3호분,현실 바닥 1번 개체,분묘,현실바닥 인골 3,Radpion,RPC-180119,치아,1590,30,"한성백제박물관, 2019, 방이동고분군 3호분",
232,BI-23,210398.369 ,545414.500 ,방이동 고분군,3호분,현실 바닥 1번 개체,분묘,현실바닥 인골 4,Radpion,RPC-180122,뼈,1690,30,"한성백제박물관, 2019, 방이동고분군 3호분",
233,BI-24,210398.369 ,545414.500 ,방이동 고분군,3호분,현실 바닥 1번 개체,분묘,현실바닥 인골 6,Beta Analytic,Beta-503136,치아,1470,30,"한성백제박물관, 2019, 방이동고분군 3호분",
234,BI-25,210398.369 ,545414.500 ,방이동 고분군,3호분,현실 바닥 1번 개체,분묘,현실바닥 인골 9,Beta Analytic,Beta-503137,치아,1590,30,"한성백제박물관, 2019, 방이동고분군 3호분",
235,BI-26,210398.369 ,545414.500 ,방이동 고분군,3호분,현실 바닥 2번 개체,분묘,현실바닥 인골 5,Radpion,RPC-180120,치아,1580,30,"한성백제박물관, 2019, 방이동고분군 3호분",
236,BI-27,210398.369 ,545414.500 ,방이동 고분군,3호분,판단불가,분묘,현실바닥 인골 13,Radpion,RPC-180121,치아,1680,30,"한성백제박물관, 2019, 방이동고분군 3호분",
237,SCT-1,209033.793 ,544725.812 ,석촌동 고분군,1호 적석묘,내부 성토층,분묘,-,한국지질자원연구원,KGM-OWd180099,탄화목,1810,30,"한성백제박물관, 2020, 서울 석촌동 고분군Ⅱ",
238,SCT-2,209033.793 ,544725.812 ,석촌동 고분군,1호 적석묘,동서피트 (3),분묘,-,한국지질자원연구원,KGM-OWd180100,탄화목,1690,30,"한성백제박물관, 2020, 서울 석촌동 고분군Ⅱ",
239,SCT-3,209033.793 ,544725.812 ,석촌동 고분군,1호 적석묘,동서피르 (6),분묘,-,한국지질자원연구원,KGM-OWd180101,탄화목,1700,30,"한성백제박물관, 2020, 서울 석촌동 고분군Ⅱ",
240,SCT-4,209033.793 ,544725.812 ,석촌동 고분군,1호 매장의례부,내부 유물 포함층,분묘,-,한국지질자원연구원,KGM-OWd180102,탄화목,1850,30,"한성백제박물관, 2020, 서울 석촌동 고분군Ⅱ",
241,SCT-5,209033.793 ,544725.812 ,석촌동 고분군,1호 매장의례부,내부 유물 포함층(중층),분묘,-,한국지질자원연구원,KGM-OWd180103,탄화목,1680,30,"한성백제박물관, 2020, 서울 석촌동 고분군Ⅱ",
242,SCT-6,209033.793 ,544725.812 ,석촌동 고분군,1호 매장의례부,내부 유물 포함층(중층),분묘,-,한국지질자원연구원,KGM-OWd180104,탄화목,1770,30,"한성백제박물관, 2020, 서울 석촌동 고분군Ⅱ",
243,SCT-7,209033.793 ,544725.812 ,석촌동 고분군,1호 매장의례부,내부 유물 포함층,분묘,-,한국지질자원연구원,KGM-OWd180105,탄화목,1730,30,"한성백제박물관, 2020, 서울 석촌동 고분군Ⅱ",
244,SCT-8,209033.793 ,544725.812 ,석촌동 고분군,1호 매장의례부,내부 유물 포함층,분묘,-,한국지질자원연구원,KGM-OWd180106,탄화목,1800,30,"한성백제박물관, 2020, 서울 석촌동 고분군Ⅱ",
245,SCT-9,209033.793 ,544725.812 ,석촌동 고분군,1호 매장의례부,내부 유물 포함층(중층),분묘,-,한국지질자원연구원,KGM-OWd180107,탄화목,1690,30,"한성백제박물관, 2020, 서울 석촌동 고분군Ⅱ",
246,SCT-10,209033.793 ,544725.812 ,석촌동 고분군,1호 매장의례부,내부 유물 포함층(중층),분묘,-,한국지질자원연구원,KGM-OWd180108,탄화목,1740,30,"한성백제박물관, 2020, 서울 석촌동 고분군Ⅱ",
247,SCT-11,209033.793 ,544725.812 ,석촌동 고분군,1호 매장의례부,내부 유물 포함층(하층),분묘,-,한국지질자원연구원,KGM-OWd180109,탄화목,1840,30,"한성백제박물관, 2020, 서울 석촌동 고분군Ⅱ",
248,SCT-12,209033.793 ,544725.812 ,석촌동 고분군,1호 매장의례부,내부 유물 포함층(하층),분묘,-,한국지질자원연구원,KGM-OWd180110,탄화목,1710,30,"한성백제박물관, 2020, 서울 석촌동 고분군Ⅱ",
249,SCT-13,209033.793 ,544725.812 ,석촌동 고분군,1호 매장의례부,내부 유물 포함층(중층),분묘,-,한국지질자원연구원,KGM-OWd180111,탄화목,1750,30,"한성백제박물관, 2020, 서울 석촌동 고분군Ⅱ",
250,SCT-14,209037.889 ,544719.408 ,석촌동 고분군,2호 연접부,동남면 점토부 하부 자갈층 아래 성토층,분묘,1,Radpion,RPC-190029,탄화목,1800,40,"한성백제박물관, 2019, 서울 석촌동 고분군Ⅰ",
251,SCT-15,209037.889 ,544719.408 ,석촌동 고분군,2호 연접부,동남면 점토부 하부 자갈층 아래 성토층,분묘,2,Radpion,RPC-190030,탄화목,1730,40,"한성백제박물관, 2019, 서울 석촌동 고분군Ⅰ",
252,SCT-16,209024.757 ,544719.796 ,석촌동 고분군,8호 적석묘,동서피트 내 하부 부석층,분묘,3,Radpion,RPC-190031,탄화목,1810,30,"한성백제박물관, 2019, 서울 석촌동 고분군Ⅰ",
253,SCT-17,209024.757 ,544719.796 ,석촌동 고분군,8호 적석묘,동서피트 내 하부 부석층,분묘,4,Radpion,RPC-190032,탄화목,1720,40,"한성백제박물관, 2019, 서울 석촌동 고분군Ⅰ",
254,SCT-18,209024.757 ,544719.796 ,석촌동 고분군,8호 적석묘,동서피트 내 1번 수혈 내부토,분묘,5,Radpion,RPC-190033,탄화목,1720,40,"한성백제박물관, 2019, 서울 석촌동 고분군Ⅰ",
255,SCT-19,209024.757 ,544719.796 ,석촌동 고분군,8호 적석묘,동서피트 내 1번 수혈 내부토,분묘,6,Radpion,RPC-190034,탄화목,1850,40,"한성백제박물관, 2019, 서울 석촌동 고분군Ⅰ",
256,SCT-20,209024.757 ,544719.796 ,석촌동 고분군,8호 적석묘,동서피트 내 2번 수혈 내부토,분묘,7,Radpion,RPC-190035,탄화목,1720,40,"한성백제박물관, 2019, 서울 석촌동 고분군Ⅰ",
257,SCT-21,209024.757 ,544719.796 ,석촌동 고분군,8호 적석묘,동서피트 내 2번 수혈 내부토,분묘,8,Radpion,RPC-190036,탄화목,1710,40,"한성백제박물관, 2019, 서울 석촌동 고분군Ⅰ",
258,SCT-22,209033.793 ,544725.812 ,석촌동 고분군,1호 적석묘,남북 피트 내 하층 유구 내부토,분묘,9,Radpion,RPC-190037,탄화목,1700,40,"한성백제박물관, 2019, 서울 석촌동 고분군Ⅰ",
259,SCT-23,209033.793 ,544725.812 ,석촌동 고분군,1호 적석묘,남북 피트 내 하층 유구 내부토,분묘,10,Radpion,RPC-190038,탄화목,1670,40,"한성백제박물관, 2019, 서울 석촌동 고분군Ⅰ",
260,SCT-24,209049.309 ,544715.441 ,석촌동 고분군,7호 매장의례부,성토층 내 외적층,분묘,11,Radpion,RPC-190039,탄화목,1600,40,"한성백제박물관, 2023, 서울 석촌동 고분군Ⅴ",
261,SCT-25,209049.309 ,544715.441 ,석촌동 고분군,7호 매장의례부,성토층 내 외적층,분묘,12,Radpion,RPC-190040,탄화목,1690,40,"한성백제박물관, 2023, 서울 석촌동 고분군Ⅴ",
262,SCT-26,209049.309 ,544715.441 ,석촌동 고분군,7호 매장의례부,성토층 내 외적층,분묘,13,Radpion,RPC-190041,탄화목,1720,40,"한성백제박물관, 2023, 서울 석촌동 고분군Ⅴ",
263,SCT-27,209049.309 ,544715.441 ,석촌동 고분군,7호 매장의례부,성토층 내 외적층,분묘,14,Radpion,RPC-190042,탄화목,1700,30,"한성백제박물관, 2023, 서울 석촌동 고분군Ⅴ",
264,SCT-28,209049.309 ,544715.441 ,석촌동 고분군,7호 매장의례부,성토층 내 외적층,분묘,15,Radpion,RPC-190043,탄화목,1700,40,"한성백제박물관, 2023, 서울 석촌동 고분군Ⅴ",
265,SCT-29,209049.309 ,544715.441 ,석촌동 고분군,7호 매장의례부,성토층 내 외적층,분묘,16,Radpion,RPC-190044,탄화목,1700,40,"한성백제박물관, 2023, 서울 석촌동 고분군Ⅴ",
266,SCT-30,209040.071 ,544721.619 ,석촌동 고분군,4호 목관묘,남동부 내부토,분묘,17,Radpion,RPC-190045,탄화목,1700,40,"한성백제박물관, 2019, 서울 석촌동 고분군Ⅰ",
267,SCT-31,209040.071 ,544721.619 ,석촌동 고분군,4호 목관묘,남동부 내부토,분묘,18,Radpion,RPC-190046,탄화목,2150,40,"한성백제박물관, 2019, 서울 석촌동 고분군Ⅰ",
268,SCT-32,209040.071 ,544721.619 ,석촌동 고분군,4호 목관묘,북동부 내부토,분묘,19,Radpion,RPC-190047,탄화목,1710,40,"한성백제박물관, 2019, 서울 석촌동 고분군Ⅰ",
269,SCT-33,209040.071 ,544721.619 ,석촌동 고분군,4호 목관묘,북동부 내부토,분묘,20,Radpion,RPC-190048,탄화목,1860,40,"한성백제박물관, 2019, 서울 석촌동 고분군Ⅰ",
270,SCT-34,209034.246 ,544734.629 ,석촌동 고분군,1호 주거지,주거지 화재 폐기로 인한 기둥 및 천장재 잔존물,주거지,-,Radpion,RPC-200114,탄화목,1710,40,"한성백제박물관, 2020, 서울 석촌동 고분군Ⅱ",
271,SCT-35,209034.246 ,544734.629 ,석촌동 고분군,1호 주거지,서벽면 상부 탄화목재 ②,주거지,-,Radpion,RPC-200115,탄화목,1650,40,"한성백제박물관, 2020, 서울 석촌동 고분군Ⅱ",
272,SCT-36,209034.246 ,544734.629 ,석촌동 고분군,1호 주거지,서벽 하단 생활면 수습 7번 토기 하부 탄화목재,주거지,-,Radpion,RPC-200116,탄화목,1730,40,"한성백제박물관, 2020, 서울 석촌동 고분군Ⅱ",
273,SCT-37,209034.246 ,544734.629 ,석촌동 고분군,1호 주거지,남벽 하단 생활면 탄화목재,주거지,-,Radpion,RPC-200117,탄화목,1740,40,"한성백제박물관, 2020, 서울 석촌동 고분군Ⅱ",
274,SCT-38,209034.246 ,544734.629 ,석촌동 고분군,1호 주거지,부뚜막 외부 바닥 ①,주거지,-,Radpion,RPC-200118,탄화목,1730,40,"한성백제박물관, 2020, 서울 석촌동 고분군Ⅱ",
275,SCT-39,209034.246 ,544734.629 ,석촌동 고분군,1호 주거지,부뚜막 외부 바닥 ②,주거지,-,Radpion,RPC-200119,탄화목,1750,40,"한성백제박물관, 2020, 서울 석촌동 고분군Ⅱ",
276,SCT-40,209034.246 ,544734.629 ,석촌동 고분군,1호 주거지,내부 수혈 바닥 탄화목재 ①,주거지,-,Radpion,RPC-200120,탄화목,1670,40,"한성백제박물관, 2020, 서울 석촌동 고분군Ⅱ",
277,SCT-41,209034.246 ,544734.629 ,석촌동 고분군,1호 주거지,내부 수혈 바닥 탄화목재 ②,주거지,-,Radpion,RPC-200121,탄화목,1620,40,"한성백제박물관, 2020, 서울 석촌동 고분군Ⅱ",
278,SCT-42,209034.246 ,544734.629 ,석촌동 고분군,1호 주거지,내부 수혈,주거지,-,Radpion,RPC-200122,탄화목,1780,40,"한성백제박물관, 2020, 서울 석촌동 고분군Ⅱ",
279,SCT-43,209040.880 ,544716.293 ,석촌동 고분군,7호 적석묘,내부 성토층,분묘,-,Radpion,RPC-200123,탄화목,2090,40,"한성백제박물관, 2020, 서울 석촌동 고분군Ⅱ",
280,SCT-44,209040.880 ,544716.293 ,석촌동 고분군,7호 적석묘,성토층 ②,분묘,-,Radpion,RPC-200124,탄화목,2170,40,"한성백제박물관, 2020, 서울 석촌동 고분군Ⅱ",
281,SCT-45,209047.063 ,544715.801 ,석촌동 고분군,7호 적석묘,가장 아래쪽 수혈 내부토,분묘,-,Radpion,RPC-200125,탄화목,1740,30,"한성백제박물관, 2020, 서울 석촌동 고분군Ⅱ",
282,SCT-46,209028.899 ,544711.115 ,석촌동 고분군,4-1호 적석묘,내부 성토 중 불다짐한 면,분묘,-,Radpion,RPC-200126,탄화목,1640,30,"한성백제박물관, 2020, 서울 석촌동 고분군Ⅱ",
283,SCT-47,209028.899 ,544711.115 ,석촌동 고분군,4-1호 적석묘,남TR 불다짐층 ②,분묘,-,Radpion,RPC-200127,탄화목,1720,30,"한성백제박물관, 2020, 서울 석촌동 고분군Ⅱ",
284,SCT-48,209028.899 ,544711.115 ,석촌동 고분군,4-1호 적석묘,남TR 불다짐층 ③,분묘,-,Radpion,RPC-200128,탄화목,1630,30,"한성백제박물관, 2020, 서울 석촌동 고분군Ⅱ",
285,SCT-49,209023.791 ,544720.305 ,석촌동 고분군,8호 적석묘,내부 성토층,분묘,-,Radpion,RPC-200129,탄화목,1660,30,"한성백제박물관, 2020, 서울 석촌동 고분군Ⅱ",
286,SCT-50,209023.791 ,544720.305 ,석촌동 고분군,8호 적석묘,동서피트 유물 폐기면 ②,분묘,-,Radpion,RPC-200130,탄화목,1730,30,"한성백제박물관, 2020, 서울 석촌동 고분군Ⅱ",
287,SCT-51,209023.791 ,544720.305 ,석촌동 고분군,8호 적석묘,동서피트 유물 폐기면 ③,분묘,-,Radpion,RPC-200131,탄화목,1680,40,"한성백제박물관, 2020, 서울 석촌동 고분군Ⅱ",
288,SCT-52,209041.646 ,544709.211 ,석촌동 고분군,9호 적석묘,내부 성토층,분묘,-,Radpion,RPC-200132,탄화목,1710,30,"한성백제박물관, 2020, 서울 석촌동 고분군Ⅱ",
289,SCT-53,209041.646 ,544709.211 ,석촌동 고분군,9호 적석묘,성토층 ②,분묘,-,Radpion,RPC-200133,탄화목,1700,30,"한성백제박물관, 2020, 서울 석촌동 고분군Ⅱ",
290,SCT-54,209041.646 ,544709.211 ,석촌동 고분군,9호 적석묘,성토층 ③,분묘,-,Radpion,RPC-200134,탄화목,1700,30,"한성백제박물관, 2020, 서울 석촌동 고분군Ⅱ",
291,SCT-55,209007.815 ,544656.781 ,석촌동 고분군,1호분 주변 5번 트렌치,유적의 남서쪽 적석묘 축조 직전의 퇴적층,기타,-,Radpion,RPC-200135,탄화목,1630,30,"한성백제박물관, 2020, 서울 석촌동 고분군Ⅱ",
292,SCT-56,209023.791 ,544720.305 ,석촌동 고분군,8호 적석묘,?층 유물포함층,분묘,-,Radpion,RPC-220168,탄화목,1710,30,"한성백제박물관, 2022, 서울 석촌동 고분군Ⅳ",
293,SCT-57,209023.791 ,544720.305 ,석촌동 고분군,8호 적석묘,ⅩⅩⅦ층 판재층,분묘,-,Radpion,RPC-220169,탄화목,1690,40,"한성백제박물관, 2022, 서울 석촌동 고분군Ⅳ",
294,SCT-58,209023.791 ,544720.305 ,석촌동 고분군,8호 적석묘,ⅩⅩⅦ층 판재층,분묘,-,Radpion,RPC-220170,탄화목,1720,30,"한성백제박물관, 2022, 서울 석촌동 고분군Ⅳ",
295,SCT-59,209024.541 ,544679.153 ,석촌동 고분군,21호 적석묘,트렌치 동쪽 확장부 수혈 Ⅱ-2층,분묘,-,Radpion,RPC-220171,탄화목,2060,30,"한성백제박물관, 2022, 서울 석촌동 고분군Ⅳ",
296,SCT-60,209024.541 ,544679.153 ,석촌동 고분군,21호 적석묘,트렌치 동쪽 확장부 수혈 Ⅱ-2층,분묘,-,Radpion,RPC-220172,탄화목,2060,30,"한성백제박물관, 2022, 서울 석촌동 고분군Ⅳ",
297,SCT-61,209022.562 ,544660.433 ,석촌동 고분군,26호 적석묘,표토 60cm 소토층 ⅩⅩ-5층,분묘,-,Radpion,RPC-220173,탄화목,2130,30,"한성백제박물관, 2022, 서울 석촌동 고분군Ⅳ",
298,SCT-62,209022.562 ,544660.433 ,석촌동 고분군,26호 적석묘,표토 60cm 소토층 ⅩⅩ-5층,분묘,-,Radpion,RPC-220174,탄화목,2120,30,"한성백제박물관, 2022, 서울 석촌동 고분군Ⅳ",
299,SCT-63,209030.993 ,544659.701 ,석촌동 고분군,28호 적석묘,상층 부석층 주변,분묘,-,Radpion,RPC-220175,탄화목,1750,40,"한성백제박물관, 2022, 서울 석촌동 고분군Ⅳ",
300,SCT-64,209030.993 ,544659.701 ,석촌동 고분군,28호 적석묘,상층 부석층 주변,분묘,-,Radpion,RPC-220176,탄화목,1770,30,"한성백제박물관, 2022, 서울 석촌동 고분군Ⅳ",
301,SCT-65,209030.993 ,544659.701 ,석촌동 고분군,28호 적석묘,하층 자갈층,분묘,-,Radpion,RPC-220177,탄화목,1750,30,"한성백제박물관, 2022, 서울 석촌동 고분군Ⅳ",
302,SCT-66,209030.993 ,544659.701 ,석촌동 고분군,28호 적석묘,하층 자갈층,분묘,-,Radpion,RPC-220178,탄화목,1760,30,"한성백제박물관, 2022, 서울 석촌동 고분군Ⅳ",
303,SCT-67,209026.455 ,544664.622 ,석촌동 고분군,2호 수혈,상부 퇴적토,수혈,-,Radpion,RPC-220179,탄화목,2220,30,"한성백제박물관, 2022, 서울 석촌동 고분군Ⅳ",
304,SCT-68,209026.455 ,544664.622 ,석촌동 고분군,2호 수혈,토층벽 수습,수혈,-,Radpion,RPC-220180,탄화목,2240,30,"한성백제박물관, 2022, 서울 석촌동 고분군Ⅳ",
305,SCT-69,209026.769 ,544677.275 ,석촌동 고분군,3호 수혈,-,수혈,-,Radpion,RPC-220181,탄화목,1800,40,"한성백제박물관, 2022, 서울 석촌동 고분군Ⅳ",
306,SCT-70,209026.769 ,544677.275 ,석촌동 고분군,3호 수혈,-,수혈,-,Radpion,RPC-220182,탄화목,1760,40,"한성백제박물관, 2022, 서울 석촌동 고분군Ⅳ",
307,SCT-71,209026.769 ,544677.275 ,석촌동 고분군,3호 수혈,-,수혈,-,Radpion,RPC-220183,탄화목,1720,40,"한성백제박물관, 2022, 서울 석촌동 고분군Ⅳ",
308,SCT-72,209026.769 ,544677.275 ,석촌동 고분군,3호 수혈,-,수혈,-,Radpion,RPC-220184,탄화목,1780,40,"한성백제박물관, 2022, 서울 석촌동 고분군Ⅳ",
309,SCT-73,209025.342 ,544728.470 ,석촌동 고분군,2호 적석묘,트렌치 내 깬돌 부석층,분묘,-,Radpion,RPC-230536,탄화목,1770,40,"한성백제박물관, 2023, 서울 석촌동 고분군Ⅴ",
310,SCT-74,209025.342 ,544728.470 ,석촌동 고분군,2호 적석묘,17호 목곽묘 내부로 함몰,분묘,-,Radpion,RPC-230537,탄화목,1670,40,"한성백제박물관, 2023, 서울 석촌동 고분군Ⅴ",
311,SCT-75,209024.498 ,544677.161 ,석촌동 고분군,2호 주거지,부뚜막 내부토 2층,주거지,-,Radpion,RPC-230538,탄화목,1690,40,"한성백제박물관, 2023, 서울 석촌동 고분군Ⅴ",
312,SCT-76,209024.498 ,544677.161 ,석촌동 고분군,2호 주거지,부뚜막 내부토 2층,주거지,-,Radpion,RPC-230539,탄화목,1600,40,"한성백제박물관, 2023, 서울 석촌동 고분군Ⅴ",
313,SCT-77,209023.460 ,544692.467 ,석촌동 고분군,3호 주거지,부뚜막 전면부,주거지,-,Radpion,RPC-230540,탄화목,1850,40,"한성백제박물관, 2023, 서울 석촌동 고분군Ⅴ",
314,SCT-78,209025.219 ,544692.023 ,석촌동 고분군,4호 수혈,내부 성토층,수혈,-,Radpion,RPC-230541,탄화목,1660,40,"한성백제박물관, 2023, 서울 석촌동 고분군Ⅴ",
315,SCT-79,209023.791 ,544720.305 ,석촌동 고분군,8호 적석묘,-,분묘,-,Radpion,RPC-210207,탄화목,1720,30,"한성백제박물관, 2024, 서울 석촌동 고분군Ⅵ",
316,SCT-80,209023.791 ,544720.305 ,석촌동 고분군,8호 적석묘,-,분묘,-,Radpion,RPC-210208,탄화목,1800,30,"한성백제박물관, 2024, 서울 석촌동 고분군Ⅵ",
317,SCT-81,209023.791 ,544720.305 ,석촌동 고분군,8호 적석묘,-,분묘,-,Radpion,RPC-210209,탄화목,1760,30,"한성백제박물관, 2024, 서울 석촌동 고분군Ⅵ",
318,MCTS-59,210730.711 ,547100.003 ,몽촌토성 북문지 내측(2013-2014),통일신라 4호 주거지,1,주거지,몽촌-14-1,서울대학교 기초과학공동기기원,SNU 14-046,탄화목,1320,40,"한성백제박물관, 2016, 몽촌토성Ⅰ",
319,MCTS-60,210730.711 ,547100.003 ,몽촌토성 북문지 내측(2013-2014),통일신라 4호 주거지,2,주거지,몽촌-14-2,서울대학교 기초과학공동기기원,SNU 14-147,탄화목,1250,60,"한성백제박물관, 2016, 몽촌토성Ⅰ",
320,MCTS-61,210732.615 ,547108.242 ,몽촌토성 북문지 내측(2013-2014),통일신라 1호 주거지,기둥 내(흙 포함),주거지,몽촌-14-3,한국지질자원연구원,KGM-OWd150388,탄화목,1670,30,"한성백제박물관, 2016, 몽촌토성Ⅰ",
321,MCTS-62,210731.002 ,547096.526 ,몽촌토성 북문지 내측(2013-2014),통일신라 5호 주거지,"2, 구들 바닥(17.02m)(흙 포함)",주거지,몽촌-14-4,한국지질자원연구원,KMG-OWd150389,탄화목,1590,30,"한성백제박물관, 2016, 몽촌토성Ⅰ",
322,MCTS-63,210735.945 ,547099.176 ,몽촌토성 북문지 내측(2013-2014),통일신라 8호 주거지,바닥(흙 포함),주거지,몽촌-14-5,한국지질자원연구원,KGM-OWd150390,탄화목,1260,30,"한성백제박물관, 2016, 몽촌토성Ⅰ",
323,MCTS-64,210736.845 ,547094.218 ,몽촌토성 북문지 내측(2013-2014),통일신라 10호 주거지,"2, 5 기둥구멍 내(흙 포함)",주거지,몽촌-14-6,한국지질자원연구원,KGM-OWd150391,탄화목,1560,40,"한성백제박물관, 2016, 몽촌토성Ⅰ",
324,MCTS-65,210723.228 ,547096.658 ,몽촌토성 북문지 내측(2013-2014),통일신라 11호 주거지,"1, 바닥(흙 포함)",주거지,몽촌-14-7,한국지질자원연구원,KGM-OWd150392,탄화목,1280,30,"한성백제박물관, 2016, 몽촌토성Ⅰ",
325,MCTS-66,210726.175 ,547093.052 ,몽촌토성 북문지 내측(2013-2014),통일신라 13호 주거지,구들 바닥(흙 포함),주거지,몽촌-14-8,한국지질자원연구원,KGM-OWd150393,탄화목,1520,30,"한성백제박물관, 2016, 몽촌토성Ⅰ",
326,MCTS-67,210721.826 ,547104.888 ,몽촌토성 북문지 내측(2013-2014),통일신라 14호 주거지,바닥(흙 포함),주거지,몽촌-14-9,한국지질자원연구원,KGM-OWd150394,탄화목,1360,50,"한성백제박물관, 2016, 몽촌토성Ⅰ",
327,MCTS-68,210741.295 ,547091.739 ,몽촌토성 북문지 내측(2013-2014),통일신라 16호 주거지,"2, 구들(흙, 호일 포함)",주거지,몽촌-14-10,한국지질자원연구원,KGM-OWd150395,탄화목,1300,30,"한성백제박물관, 2016, 몽촌토성Ⅰ",
328,MCTS-69,210753.064 ,547072.039 ,몽촌토성 북문지 내측(2013-2014),통일신라 17호 주거지,둑 제거중(흙 포함),주거지,몽촌-14-14,한국지질자원연구원,KGM-OWd150399,탄화목,1610,30,"한성백제박물관, 2016, 몽촌토성Ⅰ",
329,PNTS-113,210123.904 ,548445.256 ,풍납토성 미래마을,마-1호 건물지,동벽 기둥,건물지,-,서울대학교 기초과학공동기기원,SNU 12-R265,탄화목,1780,40,"국립문화재연구소, 2013, 풍납토성ⅩV",
330,PNTS-114,210111.185 ,548430.538 ,풍납토성 미래마을,마-24호 수혈,동편,수혈,-,서울대학교 기초과학공동기기원,SNU 12-R264,탄화목,1700,40,"국립문화재연구소, 2013, 풍납토성ⅩV",
