No,Code,X,Y,SiteName,SiteID,Context,SiteType,SampleID,Lab,LabID,Material,BP,Error,References
1,PNTS-1,,,Pungnaptoseong Hyundai,Dwelling Ga-2,-,Dwelling,-,Seoul National University,-,Charcoal,2190,50,"National Research Institute of Cultural Heritage, 2001, Pungnaptoseong Ⅰ"
2,PNTS-2,,,Pungnaptoseong Hyundai,Dwelling Ga-3,-,Dwelling,-,Seoul National University,-,Charcoal,1980,50,"National Research Institute of Cultural Heritage, 2001, Pungnaptoseong Ⅰ"
3,PNTS-3,,,Pungnaptoseong Hyundai,Dwelling Ga-4,-,Dwelling,-,Seoul National University,-,Charcoal,1850,50,"National Research Institute of Cultural Heritage, 2001, Pungnaptoseong Ⅰ"
4,PNTS-4,,,Pungnaptoseong Hyundai,Dwelling Na-1,-,Dwelling,-,Seoul National University,-,Charcoal,2030,60,"National Research Institute of Cultural Heritage, 2001, Pungnaptoseong Ⅰ"
5,PNTS-5,,,Pungnaptoseong Hyundai,Dwelling Na-3,-,Dwelling,-,Seoul National University,-,Charcoal,2150,50,"National Research Institute of Cultural Heritage, 2001, Pungnaptoseong Ⅰ"
6,PNTS-6,,,Pungnaptoseong Hyundai,Dwelling Na-8,-,Dwelling,-,Seoul National University,-,Charcoal,2080,60,"National Research Institute of Cultural Heritage, 2001, Pungnaptoseong Ⅰ"
7,PNTS-7,,,Pungnaptoseong East Rampart(1st),Inner Rampart of Point B,Upper Section of Rampart No. 3,Rampart,-,Seoul National University,-,Charcoal,1820,50,"National Research Institute of Cultural Heritage, 2002, Pungnaptoseong Ⅱ"
8,PNTS-8,,,Pungnaptoseong East Rampart(1st),Inner Rampart of Point A,Muddy Layer of Rampart No. 5,Rampart,-,Seoul National University,-,Charcoal,2050,50,"National Research Institute of Cultural Heritage, 2002, Pungnaptoseong Ⅱ"
9,PNTS-9,,,Pungnaptoseong East Rampart(1st),Inner Rampart of Point B,Lower Muddy Layer of Rampart No. 6 Stone Structure,Rampart,-,Seoul National University,-,Charcoal,1930,50,"National Research Institute of Cultural Heritage, 2002, Pungnaptoseong Ⅱ"
10,PNTS-10,,,Pungnaptoseong East Rampart(1st),Northern Trench,Foundation Stone at the Base of Building,Building,-,Seoul National University,-,Charcoal,2050,50,"National Research Institute of Cultural Heritage, 2002, Pungnaptoseong Ⅱ"
11,PNTS-11,,,Pungnaptoseong Gyeongdang,Western Ditch of No. 44,-,Ditch,-,Seoul National University,SNU 00-120,Charcoal,1520,40,"Hanshin University Museum, 2004, Pungnaptoseong Ⅳ"
12,PNTS-12,,,Pungnaptoseong Gyeongdang,Eastern Ditch of No. 44,-,Ditch,-,Seoul National University,SNU 00-121,Charcoal,1680,40,"Hanshin University Museum, 2004, Pungnaptoseong Ⅳ"
13,PNTS-13,,,Pungnaptoseong Gyeongdang,Entrance of No. 44,-,Ditch,-,Seoul National University,SNU 00-226,Charcoal,1780,40,"Hanshin University Museum, 2004, Pungnaptoseong Ⅳ"
14,PNTS-14,,,Pungnaptoseong Gyeongdang,Western Ditch of No. 44,-,Ditch,-,Seoul National University,SNU 00-227,Charcoal,1900,60,"Hanshin University Museum, 2004, Pungnaptoseong Ⅳ"
15,PNTS-15,,,Pungnaptoseong KEB dormitory,Wooden Well No. 21,-,Well,-,Seoul National University,SNU 04-809,Wood,1650,40,"National Research Institute of Cultural Heritage, 2007, Pungnaptoseong Ⅷ"
16,PNTS-16,,,Pungnaptoseong KEB dormitory,Wooden Well No. 27,-,Well,-,Seoul National University,SNU 04-808,Wood,1660,40,"National Research Institute of Cultural Heritage, 2007, Pungnaptoseong Ⅷ"
17,PNTS-17,,,Pungnaptoseong Mirae,Dwelling Ga-1,-,Dwelling,-,Seoul National University,SNU 07-160,Charcoal,1700,50,"National Research Institute of Cultural Heritage, 2009, Pungnaptoseong Ⅺ"
18,PNTS-18,,,Pungnaptoseong Mirae,Dwelling Ga-2,①,Dwelling,-,Seoul National University,SNU 07-163,Charcoal,1990,60,"National Research Institute of Cultural Heritage, 2009, Pungnaptoseong Ⅺ"
19,PNTS-19,,,Pungnaptoseong Mirae,Dwelling Ga-2,②,Dwelling,-,Seoul National University,SNU 07-164,Charcoal,1470,50,"National Research Institute of Cultural Heritage, 2009, Pungnaptoseong Ⅺ"
20,PNTS-20,,,Pungnaptoseong Mirae,Dwelling Ga-3,①,Dwelling,-,Seoul National University,SNU 07-161,Charcoal,1710,50,"National Research Institute of Cultural Heritage, 2009, Pungnaptoseong Ⅺ"
21,PNTS-21,,,Pungnaptoseong Mirae,Dwelling Ga-3,②,Dwelling,-,Seoul National University,SNU 07-162,Charcoal,1650,60,"National Research Institute of Cultural Heritage, 2009, Pungnaptoseong Ⅺ"
22,PNTS-22,,,Pungnaptoseong Mirae,Dwelling Ga-6,①,Dwelling,-,Seoul National University,SNU 07-167,Charcoal,2070,80,"National Research Institute of Cultural Heritage, 2009, Pungnaptoseong Ⅺ"
23,PNTS-23,,,Pungnaptoseong Mirae,Dwelling Ga-6,②,Dwelling,-,Seoul National University,SNU 07-168,Charcoal,1690,50,"National Research Institute of Cultural Heritage, 2009, Pungnaptoseong Ⅺ"
24,PNTS-24,,,Pungnaptoseong Mirae,Pit Ga-1,Layer No. 3 of s63.5w9,Pit,-,Seoul National University,SNU 07-158,Charcoal,1860,50,"National Research Institute of Cultural Heritage, 2009, Pungnaptoseong Ⅺ"
25,PNTS-25,,,Pungnaptoseong Mirae,Pit Ga-1,Lower Layer Ditch of Points A and B,Ditch,-,Seoul National University,SNU 07-159,Charcoal,1670,50,"National Research Institute of Cultural Heritage, 2009, Pungnaptoseong Ⅺ"
26,PNTS-26,,,Pungnaptoseong Mirae,Pit Building Site Ga-30,-,Building,-,Seoul National University,SNU 08-295,Charcoal,1660,50,"National Research Institute of Cultural Heritage, 2009, Pungnaptoseong Ⅺ"
27,PNTS-27,,,Pungnaptoseong Mirae,Pit Ga-48,-,Pit,-,Seoul National University,SNU 07-166,Charcoal,1790,50,"National Research Institute of Cultural Heritage, 2009, Pungnaptoseong Ⅺ"
28,PNTS-28,,,Pungnaptoseong Mirae,Pit Ga-59,-,Pit,-,Seoul National University,SNU  07-165,Charcoal,1640,50,"National Research Institute of Cultural Heritage, 2009, Pungnaptoseong Ⅺ"
29,PNTS-29,,,Pungnaptoseong Mirae,Pit Ga-79,Charcoal Layer,Pit,-,Seoul National University,SNU 08-292,Charcoal,1710,60,"National Research Institute of Cultural Heritage, 2009, Pungnaptoseong Ⅺ"
30,PNTS-30,,,Pungnaptoseong Mirae,Dwelling Na-3,-,Dwelling,-,Seoul National University,SNU 08-297,Charcoal,1700,50,Unreported
31,PNTS-31,,,Pungnaptoseong Mirae,Dwelling Na-6,-,Dwelling,-,Seoul National University,SNU 08-294,Charcoal,1610,50,Unreported
32,PNTS-32,,,Pungnaptoseong Mirae,Dwelling Na-6,Interior of clay stove,Dwelling,-,Seoul National University,SNU 10-521,Charcoal,1670,40,Unreported
33,PNTS-33,,,Pungnaptoseong Mirae,Dwelling Na-7,-,Dwelling,-,Seoul National University,SNU 08-296,Charcoal,1750,50,Unreported
34,PNTS-34,,,Pungnaptoseong Mirae,Dwelling Na-7,-,Dwelling,-,Seoul National University,SNU 10-520,Charcoal,2940,50,Unreported
35,PNTS-35,,,Pungnaptoseong Mirae,Dwelling Na-8,-,Dwelling,-,Seoul National University,SNU 08-302,Charcoal,1960,50,Unreported
36,PNTS-36,,,Pungnaptoseong Mirae,Dwelling Na-10,-,Dwelling,-,Seoul National University,SNU 10-522,Charcoal,1960,40,Unreported
37,PNTS-37,,,Pungnaptoseong Mirae,Dwelling Na-10,Lower Section of Iron Sickle,Dwelling,-,Seoul National University,SNU 10-525,Charcoal,1750,40,Unreported
38,PNTS-38,,,Pungnaptoseong Mirae,Dwelling Na-10,Horizontal Timber,Dwelling,-,Seoul National University,SNU 10-526,Charcoal,1780,60,Unreported
39,PNTS-39,,,Pungnaptoseong Mirae,Dwelling Na-10,Wooden Pile at the Eastern Corner,Dwelling,-,Seoul National University,SNU 10-527,Charcoal,1720,40,Unreported
40,PNTS-40,,,Pungnaptoseong Mirae,Dwelling Na-10,2-1,Dwelling,-,Seoul National University,SNU 11-R086,Charcoal,1940,40,Unreported
41,PNTS-41,,,Pungnaptoseong Mirae,Dwelling Na-10,2-2,Dwelling,-,Seoul National University,SNU 11-R087,Charcoal,1760,40,Unreported
42,PNTS-42,,,Pungnaptoseong Mirae,Dwelling Na-10,6-1,Dwelling,-,Seoul National University,SNU 11-R088,Charcoal,1810,50,Unreported
43,PNTS-43,,,Pungnaptoseong Mirae,Dwelling Na-10,14-1,Dwelling,-,Seoul National University,SNU 11-R089,Charcoal,5840,70,Unreported
44,PNTS-44,,,Pungnaptoseong Mirae,Dwelling Na-12,-,Dwelling,-,Seoul National University,SNU 08-298,Charcoal,1700,50,Unreported
45,PNTS-45,,,Pungnaptoseong Mirae,Dwelling Na-18,clay stove,Dwelling,-,Seoul National University,SNU 10-528,Charcoal,1690,40,Unreported
46,PNTS-46,,,Pungnaptoseong Mirae,Pit Na-19-1,-,Pit,-,Seoul National University,SNU 08-293,Charcoal,1920,50,Unreported
47,PNTS-47,,,Pungnaptoseong Mirae,Pit Na-36-1,-,Pit,-,Seoul National University,SNU 08-301,Charcoal,1930,50,Unreported
48,PNTS-48,,,Pungnaptoseong Mirae,Pit Na-39,Latrine?,Pit,-,Seoul National University,SNU 08-300,Charcoal,1790,50,Unreported
49,PNTS-49,,,Pungnaptoseong Mirae,Pit Na-39,Floor Surface within the Pit,Pit,-,Seoul National University,SNU 10-524,Charcoal,2660,40,Unreported
50,PNTS-50,,,Pungnaptoseong Mirae,Pit Na-47,-,Pit,-,Seoul National University,SNU 08-299,Charcoal,1690,50,Unreported
51,PNTS-51,,,Pungnaptoseong Mirae,Dwelling Da-3,Burned Earth Layer within the West Wall Body,Dwelling,-,Seoul National University,SNU 10-531,Charcoal,1850,50,Unreported
52,PNTS-52,,,Pungnaptoseong Mirae,Dwelling Da-3,Eastern wall,Dwelling,-,Seoul National University,SNU 10-532,Charcoal,1790,40,Unreported
53,PNTS-53,,,Pungnaptoseong Mirae,Dwelling Da-5,Charcoal Layer on the Floor,Dwelling,-,Seoul National University,SNU 10-529,Charcoal,1820,50,Unreported
54,PNTS-54,,,Pungnaptoseong Mirae,Dwelling Ra-1,clay stove,Dwelling,-,Seoul National University,SNU 10-534,Charcoal,1880,50,Unreported
55,PNTS-55,,,Pungnaptoseong Mirae,Dwelling Ra-2,Interior of clay stove,Dwelling,-,Seoul National University,SNU 10-533,Charcoal,1900,50,Unreported
56,PNTS-56,,,Pungnaptoseong Mirae,N40E30 Large Pottery Jar,Interior Large Pottery Jar,-,-,Seoul National University,SNU 10-530,Charcoal,1760,40,Unreported
57,PNTS-57,,,Pungnaptoseong Mirae,Dwelling Ra-3,④,Dwelling,-,Seoul National University,SNU 10-R166,Charcoal,1770,50,Unreported
58,PNTS-58,,,Pungnaptoseong Mirae,Dwelling Ra-7,③,Dwelling,-,Seoul National University,SNU 10-R167,Charcoal,1850,50,Unreported
59,PNTS-59,,,Pungnaptoseong Mirae,Dwelling Ra-8,①-1,Dwelling,-,Seoul National University,SNU 10-R168,Charcoal,1790,50,Unreported
60,PNTS-60,,,Pungnaptoseong Mirae,Dwelling Ra-8,①-2,Dwelling,-,Seoul National University,SNU 10-R169,Charcoal,1820,50,Unreported
61,PNTS-61,,,Pungnaptoseong Mirae,Dwelling Ra-8,①-3,Dwelling,-,Seoul National University,SNU 10-R170,Charcoal,1760,50,Unreported
62,PNTS-62,,,Pungnaptoseong Mirae,Dwelling Ra-8,①-4,Dwelling,-,Seoul National University,SNU 10-R171,Charcoal,1870,50,Unreported
63,PNTS-63,,,Pungnaptoseong Mirae,Dwelling Ra-8,①-5,Dwelling,-,Seoul National University,SNU 10-R172,Charcoal,1790,50,Unreported
64,PNTS-64,,,Pungnaptoseong Mirae,Dwelling Ra-8,①-6,Dwelling,-,Seoul National University,SNU 10-R173,Charcoal,1820,50,Unreported
65,PNTS-65,,,Pungnaptoseong Mirae,Dwelling Ra-8,②-1,Dwelling,-,Seoul National University,SNU 10-R174,Charcoal,2180,50,Unreported
66,PNTS-66,,,Pungnaptoseong Mirae,Dwelling Ra-8,②-2,Dwelling,-,Seoul National University,SNU 10-R175,Charcoal,1970,50,Unreported
67,PNTS-67,,,Pungnaptoseong Mirae,Dwelling Ra-19,Internal West Wall(No. 1),Dwelling,-,Seoul National University,SNU 11-R090,Charcoal,2000,40,Unreported
68,PNTS-68,,,Pungnaptoseong Mirae,Dwelling Ra-19,Internal West Wall(No. 2-1),Dwelling,-,Seoul National University,SNU 11-R091,Charcoal,2070,40,Unreported
69,PNTS-69,,,Pungnaptoseong Mirae,Dwelling Ra-19,Internal West Wall(No. 2-2),Dwelling,-,Seoul National University,SNU 11-R092,Charcoal,2030,50,Unreported
70,PNTS-70,,,Pungnaptoseong Mirae,Dwelling Ra-19,West Wall(No. 3-1),Dwelling,-,Seoul National University,SNU 11-R093,Charcoal,2030,40,Unreported
71,PNTS-71,,,Pungnaptoseong Mirae,Dwelling Ra-19,West Wall(No. 4),Dwelling,-,Seoul National University,SNU 11-R094,Charcoal,1890,40,Unreported
72,PNTS-72,,,Pungnaptoseong Mirae,Dwelling Ra-19,Floor Surface within Grid No. 62(No. 7),Dwelling,-,Seoul National University,SNU 11-R095,Charcoal,2010,40,Unreported
73,PNTS-73,,,Pungnaptoseong Mirae,Dwelling Ma-1,Inner clay stove(No. 1),Dwelling,-,Seoul National University,SNU 11-R096,Charcoal,1800,40,Unreported
74,PNTS-74,,,Pungnaptoseong Mirae,Dwelling Ma-1,Left Side of Clay Stove(No. 2),Dwelling,-,Seoul National University,SNU 11-R097,Charcoal,1840,40,Unreported
75,PNTS-75,,,Pungnaptoseong Mirae,Dwelling Ma-1,Southwest Side of the Dwelling(No. 3),Dwelling,-,Seoul National University,SNU 11-R098,Charcoal,1840,40,Unreported
76,PNTS-76,,,Pungnaptoseong Gyeongdang,"Gyeongdang Area 1, No. 229-6",-,-,-,KIGAM,KR 08-293,Charcoal,1780,40,"Hanshin University Museum, 2011, Pungnaptoseong Ⅻ"
77,PNTS-77,,,Pungnaptoseong Gyeongdang,"Gyeongdang Area 1, No. 206",Backfill Layer 2,-,-,KIGAM,KR 08-294,Charcoal,1840,50,"Hanshin University Museum, 2011, Pungnaptoseong Ⅻ"
78,PNTS-78,,,Pungnaptoseong Gyeongdang,Gyeongdang Area 1,Layer 6-1 of the Master Stratigraphy,-,-,KIGAM,KR 08-296,Charcoal,1670,50,"Hanshin University Museum, 2011, Pungnaptoseong Ⅻ"
79,PNTS-79,,,Pungnaptoseong Gyeongdang,Gyeongdang Area 1,Layer 6-2 of the Master Stratigraphy,-,-,KIGAM,KR 08-297,Charcoal,1550,40,"Hanshin University Museum, 2011, Pungnaptoseong Ⅻ"
80,PNTS-80,,,Pungnaptoseong Gyeongdang,"Gyeongdang Area 1, No. 206",Backfill Layer 1,-,-,KIGAM,KR 08-298,Charcoal,1760,40,"Hanshin University Museum, 2011, Pungnaptoseong Ⅻ"
81,PNTS-81,,,Pungnaptoseong Gyeongdang,"Gyeongdang Area 2, No. 101",Layer 2 of the Pit within North-South Baulk D,Pit,-,KIGAM,KR 08-299,Charcoal,1790,40,"Hanshin University Museum, 2011, Pungnaptoseong Ⅻ"
82,PNTS-82,,,Pungnaptoseong Gyeongdang,"Gyeongdang Area 2, No. 101",Layer 5 of the North-South Baulk,Pit,-,KIGAM,KR 08-300,Charcoal,1710,40,"Hanshin University Museum, 2011, Pungnaptoseong Ⅻ"
83,PNTS-83,,,Pungnaptoseong Gyeongdang,"Gyeongdang Area 2, No. 101",Layer 13 of the East-West Baulk,Pit,-,KIGAM,KR 08-301,Charcoal,1660,40,"Hanshin University Museum, 2011, Pungnaptoseong Ⅻ"
84,PNTS-84,,,Pungnaptoseong Gyeongdang,"Gyeongdang Area 3, No. 44",Upper Part of the South Baulk,Building,-,KIGAM,KR 08-303,Charcoal,1840,40,"Hanshin University Museum, 2011, Pungnaptoseong Ⅻ"
85,PNTS-85,,,Pungnaptoseong Gyeongdang,"Gyeongdang Area 3, No. 44",Lower Part of the South Baulk,Building,-,KIGAM,KR 08-304,Charcoal,1760,40,"Hanshin University Museum, 2011, Pungnaptoseong Ⅻ"
86,PNTS-86,,,Pungnaptoseong Gyeongdang,"Gyeongdang Area 3, No. 44",Lower Part of the East Baulk,Building,-,KIGAM,KR 08-305,Charcoal,1750,40,"Hanshin University Museum, 2011, Pungnaptoseong Ⅻ"
87,PNTS-87,,,Pungnaptoseong Gyeongdang,"Gyeongdang Area 3, No. 44",Lower Part of the West Baulk,Building,-,KIGAM,KR 08-306,Charcoal,1740,40,"Hanshin University Museum, 2011, Pungnaptoseong Ⅻ"
88,PNTS-88,,,Pungnaptoseong Gyeongdang,"Gyeongdang Area 3, No. 44",Sample collected during the removal of the upper wall structure,Building,-,KIGAM,KR 08-307,Charcoal,1730,40,"Hanshin University Museum, 2011, Pungnaptoseong Ⅻ"
89,PNTS-89,,,Pungnaptoseong Gyeongdang,"Gyeongdang Area 3, No. 44",Stone Concentration of the Gateway,Building,-,KIGAM,KR 08-308,Charcoal,1840,40,"Hanshin University Museum, 2011, Pungnaptoseong Ⅻ"
90,PNTS-90,,,Pungnaptoseong Gyeongdang,"Gyeongdang Area 4, No. 196",Pillar,Building,-,KIGAM,KR 08-309,Charcoal,1810,40,"Hanshin University Museum, 2011, Pungnaptoseong Ⅻ"
91,PNTS-91,,,Pungnaptoseong Gyeongdang,"Gyeongdang Area 4, No. 196",Structural Wood of the Wall,Building,-,KIGAM,KR 08-310,Charcoal,1730,40,"Hanshin University Museum, 2011, Pungnaptoseong Ⅻ"
92,PNTS-92,,,Pungnaptoseong East Rampart(2nd),East Rampart,Foundation Work of the Initial Construction,Rampart,PN2011-01,Beta Analytic,BETA-306898,Wood,1770,30,"National Research Institute of Cultural Heritage, 2014, Pungnaptoseong ⅩⅥ"
93,PNTS-93,,,Pungnaptoseong East Rampart(2nd),East Rampart,Foundation Work of the Initial Construction,Rampart,PN2011-01,University of Glasgow,SUERC-36921,Wood,1790,30,"National Research Institute of Cultural Heritage, 2014, Pungnaptoseong ⅩⅥ"
94,PNTS-94,,,Pungnaptoseong East Rampart(2nd),East Rampart,Foundation Work of the Initial Construction,Rampart,PN2011-06,Beta Analytic,BETA-306903,Wood,1730,30,"National Research Institute of Cultural Heritage, 2014, Pungnaptoseong ⅩⅥ"
95,PNTS-95,,,Pungnaptoseong East Rampart(2nd),East Rampart,Foundation Work of the Initial Construction,Rampart,PN2011-06,University of Glasgow,SUERC-36922,Wood,1855,30,"National Research Institute of Cultural Heritage, 2014, Pungnaptoseong ⅩⅥ"
96,PNTS-96,,,Pungnaptoseong East Rampart(2nd),East Rampart,Foundation Work of the Initial Construction,Rampart,PN2011-06-re,University of Glasgow,SUERC-39134,Wood,1730,25,"National Research Institute of Cultural Heritage, 2014, Pungnaptoseong ⅩⅥ"
97,PNTS-97,,,Pungnaptoseong East Rampart(2nd),East Rampart,Earthen Fill Work of the Initial Construction,Rampart,PN2011-02(new),Beta Analytic,BETA-307342,Charcoal,1660,30,"National Research Institute of Cultural Heritage, 2014, Pungnaptoseong ⅩⅥ"
98,PNTS-98,,,Pungnaptoseong East Rampart(2nd),East Rampart,Earthen Fill Work of the Initial Construction,Rampart,PN2011-03,Beta Analytic,BETA-306900,Charcoal,1630,30,"National Research Institute of Cultural Heritage, 2014, Pungnaptoseong ⅩⅥ"
99,PNTS-99,,,Pungnaptoseong East Rampart(2nd),East Rampart,Earthen Fill Work of the Initial Construction,Rampart,PN2011-03,University of Glasgow,SUERC-37213,Charcoal,1710,40,"National Research Institute of Cultural Heritage, 2014, Pungnaptoseong ⅩⅥ"
100,PNTS-100,,,Pungnaptoseong East Rampart(2nd),East Rampart,1st Expansion Section,Rampart,PN2011-4,Beta Analytic,BETA-306901,Charcoal,1640,30,"National Research Institute of Cultural Heritage, 2014, Pungnaptoseong ⅩⅥ"
101,PNTS-101,,,Pungnaptoseong East Rampart(2nd),East Rampart,1st Expansion Section,Rampart,PN2011-4,University of Glasgow,SUERC-36922,Charcoal,1740,35,"National Research Institute of Cultural Heritage, 2014, Pungnaptoseong ⅩⅥ"
102,PNTS-102,,,Pungnaptoseong East Rampart(2nd),East Rampart,1st Expansion Section,Rampart,PN2011-04-re,University of Glasgow,SUERC-37213,Wood,1895,30,"National Research Institute of Cultural Heritage, 2014, Pungnaptoseong ⅩⅥ"
103,PNTS-103,,,Pungnaptoseong East Rampart(2nd),East Rampart,Repair Section,Rampart,PN2011-05,Beta Analytic,BETA-306902,Charcoal,1650,30,"National Research Institute of Cultural Heritage, 2014, Pungnaptoseong ⅩⅥ"
104,PNTS-104,,,Pungnaptoseong East Rampart(2nd),East Rampart,Repair Section,Rampart,PN2011-05,University of Glasgow,SUERC-37331,Charcoal,1760,35,"National Research Institute of Cultural Heritage, 2014, Pungnaptoseong ⅩⅥ"
105,PNTS-105,,,Pungnaptoseong East Rampart(2nd),East Rampart,Repair Section,Rampart,PN2011-05-re,University of Glasgow,SUERC-39130,Charcoal,1720,30,"National Research Institute of Cultural Heritage, 2014, Pungnaptoseong ⅩⅥ"
106,PNTS-106,,,Pungnaptoseong Solar House,Ditch Feature,Interior Fill,Ditch,PN-16-1,Beta Analytic,BETA-439595,-,1720,30,"Ganghwa Reserch Institute of Cultural Heritage, 2017, Pungnaptoseong XVIII"
107,PNTS-107,,,Pungnaptoseong Solar House,Ditch Feature,Findspot of the Baekje Lidded Container,Ditch,PN-16-2,Beta Analytic,BETA-439596,-,1730,30,"Ganghwa Reserch Institute of Cultural Heritage, 2017, Pungnaptoseong XVIII"
108,PNTS-108,,,Pungnaptoseong Solar House,Trench No. 2,Packed Gravel Layer,-,PN-16-3,Beta Analytic,BETA-439597,-,1760,30,"Ganghwa Reserch Institute of Cultural Heritage, 2017, Pungnaptoseong XVIII"
109,PNTS-109,,,Pungnaptoseong Solar House,"Eastern Extension Section, Pit Interior",-,Pit,PN-16-4,Beta Analytic,BETA-439598,-,1700,30,"Ganghwa Reserch Institute of Cultural Heritage, 2017, Pungnaptoseong XVIII"
110,PNTS-110,,,474-2 Pungnap-dong,Ch3-K,-,Pit,-,KIST,KISTAMS 2100140,Charcoal,1683,20,"Korea Institute of Heritage, 2023, The Report of Excavation Site at at 474-2, Pungnap-dong, Seoul"
111,PNTS-111,,,474-2 Pungnap-dong,Ch4-K,-,Pit,-,KIST,KISTAMS 2100141,Charcoal,1589,19,"Korea Institute of Heritage, 2023, The Report of Excavation Site at at 474-2, Pungnap-dong, Seoul"
112,PNTS-112,,,281-4 Pungnap-dong,Pit No. 10,Interior of the Pit,Pit,-,CAL,-,Charcoal,1780,30,"Sudo Institute of Cultural Heritage, 2023, The Excavation Report of 281-4, Pungnap-dong, Seoul"
113,BI-1,,,41-2 Bangi-dong,Dwelling No. 10,Floor Surface of the Dwelling,Dwelling,-,CAL,-,Charcoal,1500,30,"ChunChu Institute of Cultural Heritage, 2024, The Excavation Report of 41-2, Bangi-dong, Seoul"
114,BI-2,,,41-2 Bangi-dong,Dwelling No. 13,Floor Surface of the Dwelling,Dwelling,-,CAL,-,Charcoal,1580,30,"ChunChu Institute of Cultural Heritage, 2024, The Excavation Report of 41-2, Bangi-dong, Seoul"
115,BI-3,,,48 Bangi-dong,Dwelling No. 1,-,Dwelling,Bangi-1,CAL,-,Charcoal,1660,40,"Hanul Institute of Cultural Heritage, 2024, The Excavation Report of 48, Bangi-dong, Seoul"
116,BI-4,,,48 Bangi-dong,Dwelling No. 1,-,Dwelling,Bangi-2,CAL,-,Charcoal,1770,40,"Hanul Institute of Cultural Heritage, 2024, The Excavation Report of 48, Bangi-dong, Seoul"
117,BI-5,,,48 Bangi-dong,Dwelling No. 4,-,Dwelling,Bangi-3,CAL,-,Charcoal,1720,40,"Hanul Institute of Cultural Heritage, 2024, The Excavation Report of 48, Bangi-dong, Seoul"
118,BI-6,,,48 Bangi-dong,Dwelling No. 6,-,Dwelling,Bangi-4,CAL,-,Charcoal,1800,40,"Hanul Institute of Cultural Heritage, 2024, The Excavation Report of 48, Bangi-dong, Seoul"
119,AS-1,,,193 Amsa-dong,"Point 2, Baekje Pit No. 20",-,Pit,Amsa-6,KIGAM,KGM-OWd190697,-,1340,30,"Hanul Institute of Cultural Heritage, 2021, The Excavation Report of 193, Amsa-dong, Seoul"
120,AS-2,,,193 Amsa-dong,"Point 2, Unknown Period Pit No. 37",-,Pit,Amsa-7,KIGAM,KGM-OWd190698,-,1330,30,"Hanul Institute of Cultural Heritage, 2021, The Excavation Report of 193, Amsa-dong, Seoul"
121,AS-3,,,193 Amsa-dong,Point 1. Unknown Period Pit No. 42,-,Dwelling,Amsa-9,KIGAM,KGM-OWd190700,-,1430,30,"Hanul Institute of Cultural Heritage, 2021, The Excavation Report of 193, Amsa-dong, Seoul"
122,CH-1,,,478-3 Cheonho-dong,Dwelling No. 6,-,Dwelling,-,Radpion,RPC190097,Charcoal,1700,40,"Vision Institute of Cultural Heritage, 2021, The Excavation Report of 478-3, Cheonho-dong, Seoul"
123,CH-2,,,328-9 Cheonho-dong,Dwelling,Interior of the Dwelling,Dwelling,Sample 1,CAL,CWd231159,Charcoal,1690,30,"Sudo Institute of Cultural Heritage, 2024, The Excavation Report of 328-9, Cheonho-dong, Seoul"
124,MCTS-1,,,"Mongchontoseong North Gate Site, Inner Side (2013-2014)",Three Kingdoms Period Pit,Floor Surface of the Pit,Pit,Mongchon-14-12,KIGAM,KGM-OWd150397,Charcoal,1570,30,"Seoul Baekje Museum, 2016, Mongchontoseong Ⅰ"
125,MCTS-2,,,"Mongchontoseong North Gate Site, Inner Side (2013-2014)",Three Kingdoms Period Ditch,Floor Surface of the Ditch,Ditch,Mongchon-14-13,KIGAM,KGM-OWd150398,Charcoal,1640,30,"Seoul Baekje Museum, 2016, Mongchontoseong Ⅰ"
126,MCTS-3,,,"Mongchontoseong Northwest Rampart, Wooden Palisade Ditch Section",Rampart,Floor Surface of Pit No. 1,Rampart,Mongchon-14-17,KIGAM,KGM-OWd150402,Charcoal,1550,30,"Seoul Baekje Museum, 2016, Mongchontoseong Ⅰ"
127,MCTS-4,,,"Mongchontoseong Northwest Rampart, Wooden Palisade Ditch Section",Pit,Floor Surface of Pit,Pit,Mongchon-14-18,KIGAM,KGM-OWd150403,Charcoal,1600,40,"Seoul Baekje Museum, 2016, Mongchontoseong Ⅰ"
128,MCTS-5,,,Mongchontoseong North Gate Site Area (Unified Silla Period),Dwelling No. 19,-,Dwelling,Mongchon-15-2,KIGAM,KGM-OWd150686,Charcoal,1590,30,"Seoul Baekje Museum, 2019, Mongchontoseong Ⅲ"
129,MCTS-6,,,Mongchontoseong North Gate Site Area (Unified Silla Period),Dwelling No. 20,Occupation Surface of the Dwelling,Dwelling,Mongchon-15-3,KIGAM,KGM-OWd150687,Charcoal,1300,40,"Seoul Baekje Museum, 2019, Mongchontoseong Ⅲ"
130,MCTS-7,,,Mongchontoseong North Gate Site Area (Unified Silla Period),Dwelling No. 20,Stove Entrance,Dwelling,Mongchon-15-4,KIGAM,KGM-OWd150688,Charcoal,1320,30,"Seoul Baekje Museum, 2019, Mongchontoseong Ⅲ"
131,MCTS-8,,,Mongchontoseong North Gate Site Area (Unified Silla Period),Dwelling No. 26,Ash Layer within the Interior Fill,Dwelling,Mongchon-15-5,KIGAM,KGM-OWd150689,Charcoal,1480,50,"Seoul Baekje Museum, 2019, Mongchontoseong Ⅲ"
132,MCTS-9,,,Mongchontoseong North Gate Site Area (Unified Silla Period),Dwelling No. 27,Occupation Surface of the Dwelling,Dwelling,Mongchon-15-6,KIGAM,KGM-OWd150690,Charcoal,1700,40,"Seoul Baekje Museum, 2019, Mongchontoseong Ⅲ"
133,MCTS-10,,,Mongchontoseong North Gate Site Area (Unified Silla Period),Dwelling No. 28,Stove Entrance,Dwelling,Mongchon-15-7,KIGAM,KGM-OWd150691,Charcoal,1590,30,"Seoul Baekje Museum, 2019, Mongchontoseong Ⅲ"
134,MCTS-11,,,Mongchontoseong North Gate Site Area (Unified Silla Period),Dwelling No. 28,Occupation Surface of the Dwelling,Dwelling,Mongchon-15-8,KIGAM,KGM-OWd150692,Charcoal,1290,40,"Seoul Baekje Museum, 2019, Mongchontoseong Ⅲ"
135,MCTS-12,,,Mongchontoseong North Gate Site Area (Unified Silla Period),Posthole Group B,-,Posthole,Mongchon-15-13,KIGAM,KGM-OWd160101,Charcoal,1770,40,"Seoul Baekje Museum, 2019, Mongchontoseong Ⅲ"
136,MCTS-13,,,Mongchontoseong North Gate Site Area (Unified Silla Period),Pit No. 3,Ash Layer on the Floor Surface,Pit,Mongchon-15-22,KIGAM,KGM-OWd160110,Charcoal,1670,30,"Seoul Baekje Museum, 2019, Mongchontoseong Ⅲ"
137,MCTS-14,,,Mongchontoseong North Gate Site Area (Unified Silla Period),"District 2, Posthole Group",Floor Surface of the Posthole,Posthole,Mongchon-15-23,KIGAM,KGM-OWd160111,Charcoal,1640,30,"Seoul Baekje Museum, 2019, Mongchontoseong Ⅲ"
138,MCTS-15,,,Mongchontoseong North Gate Site Area (Unified Silla Period),"District 2, Well",Ash Layer on the Floor Surface of the Well,Well,Mongchon-15-24,KIGAM,KGM-OWd160112,Charcoal,1380,30,"Seoul Baekje Museum, 2019, Mongchontoseong Ⅲ"
139,MCTS-16,,,Mongchontoseong North Gate Site Area (Unified Silla Period),"District 2, Pit No. 1",Occupation Surface of the Pit,Pit,Mongchon-18-04,Radpion,RPC-190055,Charcoal,1770,40,"Seoul Baekje Museum, 2019, Mongchontoseong Ⅲ"
140,MCTS-17,,,Mongchontoseong North Gate Site Area (Three Kingdoms Period 1),Pit No. I-2,Floor Surface of the Pit,Pit,Mongchon-14-13,KIGAM,KGM-OWd150398,Charcoal,1640,30,"Seoul Baekje Museum, 2021, Mongchontoseong Ⅳ"
141,MCTS-18,,,Mongchontoseong North Gate Site Area (Three Kingdoms Period 1),Pit No. I-5,Ash Layer on the Floor Surface,Pit,Mongchon15-15,KIGAM,KGM-OWd160103,Charcoal,1610,30,"Seoul Baekje Museum, 2021, Mongchontoseong Ⅳ"
142,MCTS-19,,,Mongchontoseong North Gate Site Area (Three Kingdoms Period 1),Pit No. I-6,Ash Layer on the Floor Surface,Pit,Mongchon-15-16,KIGAM,KGM-OWd160104,Charcoal,1590,30,"Seoul Baekje Museum, 2021, Mongchontoseong Ⅳ"
143,MCTS-20,,,Mongchontoseong North Gate Site Area (Three Kingdoms Period 1),Pit No. I-6,-,Pit,Mongchon-16-16,KIGAM,KGM-OWd170052,Charcoal,1560,30,"Seoul Baekje Museum, 2021, Mongchontoseong Ⅳ"
144,MCTS-21,,,Mongchontoseong North Gate Site Area (Three Kingdoms Period 1),Pit No. I-6,Ash Layer (Herbaceous Plants),Pit,Mongchon-16-17,KIGAM,KGM-OWd170053,Charcoal,1780,30,"Seoul Baekje Museum, 2021, Mongchontoseong Ⅳ"
145,MCTS-22,,,Mongchontoseong North Gate Site Area (Three Kingdoms Period 1),Pit No. I-7,Ash Layer on the Floor Surface,Pit,Mongchon-15-17,KIGAM,KGM-OWd160105,Charcoal,1650,30,"Seoul Baekje Museum, 2021, Mongchontoseong Ⅳ"
146,MCTS-23,,,Mongchontoseong North Gate Site Area (Three Kingdoms Period 1),Pit No. I-7,Left side of the clay stove on the top surface of yellowish-brown clay,Pit,Mongchon-16-18,KIGAM,KGM-OWd170054,Charcoal,1650,30,"Seoul Baekje Museum, 2021, Mongchontoseong Ⅳ"
147,MCTS-24,,,Mongchontoseong North Gate Site Area (Three Kingdoms Period 1),Pit No. I-7,Right side of the clay stove within the gray clay of the floor surface,Pit,Mongchon-16-19,KIGAM,KGM-OWd170055,Charcoal,1580,30,"Seoul Baekje Museum, 2021, Mongchontoseong Ⅳ"
148,MCTS-25,,,Mongchontoseong North Gate Site Area (Three Kingdoms Period 1),Pit No. I-7,-,Pit,Mongchon-16-20,KIGAM,KGM-OWd170056,Charcoal,1560,30,"Seoul Baekje Museum, 2021, Mongchontoseong Ⅳ"
149,MCTS-26,,,Mongchontoseong North Gate Site Area (Three Kingdoms Period 1),Pit No. I-7,-,Pit,Mongchon-17-03,Radpion,RPC-180172,Charcoal,1520,30,"Seoul Baekje Museum, 2021, Mongchontoseong Ⅳ"
150,MCTS-27,,,Mongchontoseong North Gate Site Area (Three Kingdoms Period 1),Pit No. I-14,Top of the Ash Layer,Pit,Mongchon-16-23,KIGAM,KGM-OWd170059,Charcoal,1530,30,"Seoul Baekje Museum, 2021, Mongchontoseong Ⅳ"
151,MCTS-28,,,Mongchontoseong North Gate Site Area (Three Kingdoms Period 1),Pit No. I-14,Occupation Surface of the Pit,Pit,Mongchon-16-24,KIGAM,KGM-OWd170060,Charcoal,1570,30,"Seoul Baekje Museum, 2021, Mongchontoseong Ⅳ"
152,MCTS-29,,,Mongchontoseong North Gate Site Area (Three Kingdoms Period 1),Pit No. I-14,Stove Entrance?,Pit,Mongchon-16-31,KIGAM,KGM-OWd170067,Charcoal,1600,30,"Seoul Baekje Museum, 2021, Mongchontoseong Ⅳ"
153,MCTS-30,,,Mongchontoseong North Gate Site Area (Three Kingdoms Period 1),Pit No. I-14,-,Pit,Mongchon-17-15,Radpion,RPC-180179,Charcoal,1540,30,"Seoul Baekje Museum, 2021, Mongchontoseong Ⅳ"
154,MCTS-31,,,Mongchontoseong North Gate Site Area (Three Kingdoms Period 1),Pit No. I-15,-,Pit,Mongchon-16-25,KIGAM,KGM-OWd170061,Charcoal,1720,30,"Seoul Baekje Museum, 2021, Mongchontoseong Ⅳ"
155,MCTS-32,,,Mongchontoseong North Gate Site Area (Three Kingdoms Period 1),Pit No. I-15,-,Pit,Mongchon-16-26,KIGAM,KGM-OWd170062,Charcoal,1650,30,"Seoul Baekje Museum, 2021, Mongchontoseong Ⅳ"
156,MCTS-33,,,Mongchontoseong North Gate Site Area (Three Kingdoms Period 1),Pit No. I-16,-,Pit,Mongchon-16-27,KIGAM,KGM-OWd170063,Charcoal,1630,30,"Seoul Baekje Museum, 2021, Mongchontoseong Ⅳ"
157,MCTS-34,,,Mongchontoseong North Gate Site Area (Three Kingdoms Period 1),Pit No. I-25,-,Pit,Mongchon-18-10,Radpion,RPC-190060,Charcoal,1630,40,"Seoul Baekje Museum, 2021, Mongchontoseong Ⅳ"
158,MCTS-35,,,Mongchontoseong North Gate Site Area (Three Kingdoms Period 1),Pit No. I-26,-,Pit,Mongchon-17-24,Radpion,RPC-180184,Charcoal,1620,30,"Seoul Baekje Museum, 2021, Mongchontoseong Ⅳ"
159,MCTS-36,,,Mongchontoseong North Gate Site Area (Three Kingdoms Period 1),Pit No. I-27,Fired Surface,Pit,Mongchon-16-28,KIGAM,KGM-OWd170064,Charcoal,1610,30,"Seoul Baekje Museum, 2021, Mongchontoseong Ⅳ"
160,MCTS-37,,,Mongchontoseong North Gate Site Area (Three Kingdoms Period 1),Pit No. I-27,Inside the stone concentration on the fired surface,Pit,Mongchon-16-29,KIGAM,KGM-OWd170065,Charcoal,1600,30,"Seoul Baekje Museum, 2021, Mongchontoseong Ⅳ"
161,MCTS-38,,,Mongchontoseong North Gate Site Area (Three Kingdoms Period 1),Pit No. I-27,Occupation Surface of the Pit,Pit,Mongchon-16-30,KIGAM,KGM-OWd170066,Charcoal,1660,30,"Seoul Baekje Museum, 2021, Mongchontoseong Ⅳ"
162,MCTS-39,,,Mongchontoseong North Gate Site Area (Three Kingdoms Period 1),Pit No. I-30,-,Pit,Mongchon-18-01,Radpion,RPC-180185,Charcoal,1640,30,"Seoul Baekje Museum, 2021, Mongchontoseong Ⅳ"
163,MCTS-40,,,Mongchontoseong North Gate Site Area (Three Kingdoms Period 1),Pit No. I-32,-,Pit,Mongchon-18-08,Radpion,RPC-190058,Charcoal,1620,40,"Seoul Baekje Museum, 2021, Mongchontoseong Ⅳ"
164,MCTS-41,,,Mongchontoseong North Gate Site Area (Three Kingdoms Period 1),Pit No. I-33,-,Pit,Mongchon-16-21,KIGAM,KGM-OWd170057,Charcoal,1720,30,"Seoul Baekje Museum, 2021, Mongchontoseong Ⅳ"
165,MCTS-42,,,Mongchontoseong North Gate Site Area (Three Kingdoms Period 1),Pit No. I-33,Floor Surface of the Pit,Pit,Mongchon-16-22,KIGAM,KGM-OWd170058,Charcoal,1530,30,"Seoul Baekje Museum, 2021, Mongchontoseong Ⅳ"
166,MCTS-43,,,Mongchontoseong North Gate Site Area (Three Kingdoms Period 1),Pit No. I-9,Ash Layer on the Floor Surface,Pit,Mongchon-15-18,KIGAM,KGM-OWd160106,Charcoal,1710,30,"Seoul Baekje Museum, 2021, Mongchontoseong Ⅳ"
167,MCTS-44,,,Mongchontoseong North Gate Site Area (Three Kingdoms Period 1),Pit No. I-11,Floor Surface of the Pit,Pit,Mongchon-15-19,KIGAM,KGM-OWd160107,Charcoal,1670,30,"Seoul Baekje Museum, 2021, Mongchontoseong Ⅳ"
168,MCTS-45,,,Mongchontoseong North Gate Site Area (Three Kingdoms Period 1),Pit No. I-12,Floor Surface of the Pit,Pit,Mongchon-15-20,KIGAM,KGM-OWd160108,Charcoal,1760,30,"Seoul Baekje Museum, 2021, Mongchontoseong Ⅳ"
169,MCTS-46,,,Mongchontoseong North Gate Site Area (Three Kingdoms Period 1),Pit No. I-31,-,Pit,Mongchon-18-02,Radpion,RPC-180186,Charcoal,1630,30,"Seoul Baekje Museum, 2021, Mongchontoseong Ⅳ"
170,MCTS-47,,,Mongchontoseong North Gate Site Area (Three Kingdoms Period 1),Pit No. I-31,-,Pit,Mongchon-18-07,Radpion,RPC-190057,Charcoal,1620,40,"Seoul Baekje Museum, 2021, Mongchontoseong Ⅳ"
171,MCTS-48,,,Mongchontoseong North Gate Site Area (Three Kingdoms Period 1),Baekje Dwelling No. 2,-,Dwelling,Mongchon-17-11,Radpion,RPC-180177,Charcoal,1620,30,"Seoul Baekje Museum, 2021, Mongchontoseong Ⅳ"
172,MCTS-49,,,Mongchontoseong North Gate Site Area (Three Kingdoms Period 2),Baekje Occupation Surface,Baekje occupation surface on the southwest side of Pit No. I-5∼6,-,Mongchon-15-14,KIGAM,KGM-OWd160102,Charcoal,1650,30,"Seoul Baekje Museum, 2023, Mongchontoseong Ⅴ"
173,MCTS-50,,,Mongchontoseong North Gate Site Area (Three Kingdoms Period 2),Wall-pillar Building No. I-1,Northwest side of the Wall Trench,Building,Mongchon-17-21,Radpion,RPC-180181,Charcoal,1550,30,"Seoul Baekje Museum, 2023, Mongchontoseong Ⅴ"
174,MCTS-51,,,Mongchontoseong North Gate Site Area (Three Kingdoms Period 2),Cultural Layer of Goguryeo,"Upper part of the Embankment Fill Layer (Grid NW18NE13), collected during the removal of the southern baulk",-,Mongchon-17-23,Radpion,RPC-180183,Charcoal,1660,30,"Seoul Baekje Museum, 2023, Mongchontoseong Ⅴ"
175,MCTS-52,,,Mongchontoseong North Gate Site Area (Three Kingdoms Period 2),Cultural Layer of Goguryeo,Embankment Fill Layer (Grid NW18NE13),-,Mongchon-18-3,Radpion,RPC-190054,Charcoal,1540,30,"Seoul Baekje Museum, 2023, Mongchontoseong Ⅴ"
176,MCTS-53,,,Mongchontoseong North Gate Site Area (Three Kingdoms Period 2),Wall-pillar Building No. I-2,Posthole No. 8,Building,Mongchon-18-5,Radpion,RPC-190056,Charcoal,1590,40,"Seoul Baekje Museum, 2023, Mongchontoseong Ⅴ"
177,MCTS-54,,,Mongchontoseong North Gate Site Area (Three Kingdoms Period 3),Inner Fortress Loop Road,Lower Layer of the Inner Fortress Loop Road,Road,120170365-011-00,KIGAM,KGM-OWd170047,Charcoal,1770,30,"Seoul Baekje Museum, 2024, Mongchontoseong Ⅵ"
178,MCTS-55,,,Mongchontoseong North Gate Site Area (Three Kingdoms Period 3),Inner Fortress Loop Road,Lower Layer of the Inner Fortress Loop Road,Road,120170365-013-00,KIGAM,KGM-OWd170050,Charcoal,1680,30,"Seoul Baekje Museum, 2024, Mongchontoseong Ⅵ"
179,MCTS-56,,,Mongchontoseong North Gate Site Area (Three Kingdoms Period 3),Side Ditch of East-West Road No. 1,Charcoal Layer within Side Ditch of East-West Road No. 1,Road,120170365-014-00,KIGAM,KGM-OWd170051,Charcoal,1640,40,"Seoul Baekje Museum, 2024, Mongchontoseong Ⅵ"
180,MCTS-57,,,Mongchontoseong North Gate Site Area (Three Kingdoms Period 3),Side Ditch of East-West Road No. 1,Charcoal Layer within Side Ditch of East-West Road No. 1,Road,120170365-015-00,KIGAM,-,Charcoal,1630,30,"Seoul Baekje Museum, 2024, Mongchontoseong Ⅵ"
181,MCTS-58,,,Mongchontoseong North Gate Site Area (Three Kingdoms Period 3),"Road Surface of Reconstructed East-West Road No. 1, Baekje","Ash layer on the top surface of the road pavement, East-West Road No. 1 (Baekje Reconstructed Road), Pit 14 (Grid NW16NE12)",Road,-,Radpion,RPC-180182,Charcoal,1660,30,"Seoul Baekje Museum, 2024, Mongchontoseong Ⅵ"
182,SC-1,,,20-4 Shincheon-dong,"Area 1, Dwelling No. 2",1,Dwelling,-,Radpion,RPC-220282,Charcoal,1690,40,"Dowon Institute of Cultural Heritage, 2024, The Excavation Report of 20-4, Sincheon-dong, Seoul"
183,SC-2,,,20-4 Shincheon-dong,"Area 1, Dwelling No. 2",2,Dwelling,-,Radpion,RPC-220283,Charcoal,1730,30,"Dowon Institute of Cultural Heritage, 2024, The Excavation Report of 20-4, Sincheon-dong, Seoul"
184,SC-3,,,20-4 Shincheon-dong,"Area 1, Dwelling No. 2",3,Dwelling,-,Radpion,RPC-220284,Charcoal,1730,30,"Dowon Institute of Cultural Heritage, 2024, The Excavation Report of 20-4, Sincheon-dong, Seoul"
185,SC-4,,,20-4 Shincheon-dong,"Area 1, Dwelling No. 2",4,Dwelling,-,Radpion,RPC-220285,Charcoal,1730,30,"Dowon Institute of Cultural Heritage, 2024, The Excavation Report of 20-4, Sincheon-dong, Seoul"
186,SC-5,,,20-4 Shincheon-dong,"Area 2, Dwelling No. 3",-,Dwelling,-,Radpion,RPC-220286,Charcoal,1730,30,"Dowon Institute of Cultural Heritage, 2024, The Excavation Report of 20-4, Sincheon-dong, Seoul"
187,SC-6,,,20-4 Shincheon-dong,"Area 2, Pit No. 4",-,Pit,-,Radpion,RPC-220287,Charcoal,1680,30,"Dowon Institute of Cultural Heritage, 2024, The Excavation Report of 20-4, Sincheon-dong, Seoul"
188,SC-7,,,20-4 Shincheon-dong,"Area 2, Pit No. 10",-,Pit,-,Radpion,RPC-220288,Charcoal,1760,30,"Dowon Institute of Cultural Heritage, 2024, The Excavation Report of 20-4, Sincheon-dong, Seoul"
189,SC-8,,,20-4 Shincheon-dong,"Area 2, Pit No. 11",-,Pit,-,Radpion,RPC-220289,Charcoal,1720,40,"Dowon Institute of Cultural Heritage, 2024, The Excavation Report of 20-4, Sincheon-dong, Seoul"
190,SC-9,,,20-4 Shincheon-dong,"Area 2, Pit No. 12",-,Pit,-,Radpion,RPC-220290,Charcoal,1650,40,"Dowon Institute of Cultural Heritage, 2024, The Excavation Report of 20-4, Sincheon-dong, Seoul"
191,SC-10,,,20-4 Shincheon-dong,"Area 6, Dwelling No. 1",-,Dwelling,-,Radpion,RPC-220291,Charcoal,1780,30,"Dowon Institute of Cultural Heritage, 2024, The Excavation Report of 20-4, Sincheon-dong, Seoul"
192,SC-11,,,20-4 Shincheon-dong,"Area 6, Dwelling No. 3",-,Dwelling,-,Radpion,RPC-220292,Charcoal,1680,30,"Dowon Institute of Cultural Heritage, 2024, The Excavation Report of 20-4, Sincheon-dong, Seoul"
193,SC-12,,,20-4 Shincheon-dong,"Area 7, Dwelling No. 7",1,Dwelling,-,Radpion,RPC-220293,Charcoal,1710,40,"Dowon Institute of Cultural Heritage, 2024, The Excavation Report of 20-4, Sincheon-dong, Seoul"
194,SC-13,,,20-4 Shincheon-dong,"Area 7, Dwelling No. 7",2,Dwelling,-,Radpion,RPC-220294,Charcoal,1700,40,"Dowon Institute of Cultural Heritage, 2024, The Excavation Report of 20-4, Sincheon-dong, Seoul"
195,SC-14,,,20-4 Shincheon-dong,"Area 7, Dwelling No. 7",3,Dwelling,-,Radpion,RPC-220295,Charcoal,1740,40,"Dowon Institute of Cultural Heritage, 2024, The Excavation Report of 20-4, Sincheon-dong, Seoul"
196,SC-15,,,20-4 Shincheon-dong,"Area 7, Dwelling No. 7",4,Dwelling,-,Radpion,RPC-220296,Charcoal,1730,30,"Dowon Institute of Cultural Heritage, 2024, The Excavation Report of 20-4, Sincheon-dong, Seoul"
197,SC-16,,,20-4 Shincheon-dong,"Area 7, Dwelling No. 7",5,Dwelling,-,Radpion,RPC-220297,Charcoal,1720,30,"Dowon Institute of Cultural Heritage, 2024, The Excavation Report of 20-4, Sincheon-dong, Seoul"
198,SC-17,,,20-4 Shincheon-dong,"Area 7, Dwelling No. 13",1,Dwelling,-,Radpion,RPC-220298,Charcoal,1680,30,"Dowon Institute of Cultural Heritage, 2024, The Excavation Report of 20-4, Sincheon-dong, Seoul"
199,SC-18,,,20-4 Shincheon-dong,"Area 7, Dwelling No. 13",2,Dwelling,-,Radpion,RPC-220299,Charcoal,1650,40,"Dowon Institute of Cultural Heritage, 2024, The Excavation Report of 20-4, Sincheon-dong, Seoul"
200,SC-19,,,20-4 Shincheon-dong,"Area 7, Dwelling No. 21",1,Dwelling,-,Radpion,RPC-220300,Charcoal,1740,40,"Dowon Institute of Cultural Heritage, 2024, The Excavation Report of 20-4, Sincheon-dong, Seoul"
201,SC-20,,,20-4 Shincheon-dong,"Area 7, Dwelling No. 21",2,Dwelling,-,Radpion,RPC-220301,Charcoal,3000,40,"Dowon Institute of Cultural Heritage, 2024, The Excavation Report of 20-4, Sincheon-dong, Seoul"
202,SC-21,,,20-4 Shincheon-dong,"Area 7, Dwelling No. 22",1,Dwelling,-,Radpion,RPC-220302,Charcoal,1730,40,"Dowon Institute of Cultural Heritage, 2024, The Excavation Report of 20-4, Sincheon-dong, Seoul"
203,SC-22,,,20-4 Shincheon-dong,"Area 7, Dwelling No. 22",2,Dwelling,-,Radpion,RPC-220303,Charcoal,1760,30,"Dowon Institute of Cultural Heritage, 2024, The Excavation Report of 20-4, Sincheon-dong, Seoul"
204,SC-23,,,20-4 Shincheon-dong,"Area 7, Dwelling No. 22",3,Dwelling,-,Radpion,RPC-220304,Charcoal,1740,30,"Dowon Institute of Cultural Heritage, 2024, The Excavation Report of 20-4, Sincheon-dong, Seoul"
205,SC-24,,,20-4 Shincheon-dong,"Area 7, Dwelling No. 22",4,Dwelling,-,Radpion,RPC-220305,Charcoal,1720,40,"Dowon Institute of Cultural Heritage, 2024, The Excavation Report of 20-4, Sincheon-dong, Seoul"
206,SC-25,,,20-4 Shincheon-dong,"Area 7, Dwelling No. 22",5,Dwelling,-,Radpion,RPC-220306,Charcoal,1750,30,"Dowon Institute of Cultural Heritage, 2024, The Excavation Report of 20-4, Sincheon-dong, Seoul"
207,SC-26,,,20-4 Shincheon-dong,"Area 7, Dwelling No. 30",-,Dwelling,-,Radpion,RPC-220307,Charcoal,1690,40,"Dowon Institute of Cultural Heritage, 2024, The Excavation Report of 20-4, Sincheon-dong, Seoul"
208,SC-27,,,20-4 Shincheon-dong,"Area 7, Dwelling No. 32",1,Dwelling,-,Radpion,RPC-220308,Charcoal,1770,40,"Dowon Institute of Cultural Heritage, 2024, The Excavation Report of 20-4, Sincheon-dong, Seoul"
209,SC-28,,,20-4 Shincheon-dong,"Area 7, Dwelling No. 32",2,Dwelling,-,Radpion,RPC-220309,Charcoal,1710,40,"Dowon Institute of Cultural Heritage, 2024, The Excavation Report of 20-4, Sincheon-dong, Seoul"
210,SC-29,,,20-4 Shincheon-dong,"Area 7, Dwelling No. 32",3,Dwelling,-,Radpion,RPC-220310,Charcoal,1740,30,"Dowon Institute of Cultural Heritage, 2024, The Excavation Report of 20-4, Sincheon-dong, Seoul"
211,SC-30,,,20-4 Shincheon-dong,"Area 7, Dwelling No. 37",1,Dwelling,-,Radpion,RPC-220311,Charcoal,1680,40,"Dowon Institute of Cultural Heritage, 2024, The Excavation Report of 20-4, Sincheon-dong, Seoul"
212,SC-31,,,20-4 Shincheon-dong,"Area 7, Dwelling No. 37",2,Dwelling,-,Radpion,RPC-220312,Charcoal,1740,30,"Dowon Institute of Cultural Heritage, 2024, The Excavation Report of 20-4, Sincheon-dong, Seoul"
213,SC-32,,,20-4 Shincheon-dong,"Area 7, Dwelling No. 37",3,Dwelling,-,Radpion,RPC-220313,Charcoal,1720,30,"Dowon Institute of Cultural Heritage, 2024, The Excavation Report of 20-4, Sincheon-dong, Seoul"
214,SC-33,,,20-4 Shincheon-dong,"Area 7, Dwelling No. 138",-,Dwelling,-,Radpion,RPC-220314,Charcoal,1640,30,"Dowon Institute of Cultural Heritage, 2024, The Excavation Report of 20-4, Sincheon-dong, Seoul"
215,SC-34,,,20-4 Shincheon-dong,"Area 8, Dwelling No. 4",-,Dwelling,-,Radpion,RPC-220315,Charcoal,1750,30,"Dowon Institute of Cultural Heritage, 2024, The Excavation Report of 20-4, Sincheon-dong, Seoul"
216,BI-7,,,Bangi-dong Tombs,Tomb No. 3,"Mound Section, at a depth of 1m below the original burial mound (East Trench No. 2)",Tomb,Mound 1,Radpion,RPC-180032,Charcoal,2730,30,"Seoul Baekje Museum, 2019, Tomb No. 3 of the Bangi-dong Ancient Tombs"
217,BI-8,,,Bangi-dong Tombs,Tomb No. 3,"Mound Section, Fired-compacted Layer, West Trench No. 2, Tomb No. 3",Tomb,Mound 2-1,Radpion,RPC-180033,Charcoal,2790,30,"Seoul Baekje Museum, 2019, Tomb No. 3 of the Bangi-dong Ancient Tombs"
218,BI-9,,,Bangi-dong Tombs,Tomb No. 3,"Mound Section, Fired-compacted Layer, West Trench No. 2, Tomb No. 3",Tomb,Mound 2-2,Radpion,RPC-180034,Charcoal,2770,30,"Seoul Baekje Museum, 2019, Tomb No. 3 of the Bangi-dong Ancient Tombs"
219,BI-10,,,Bangi-dong Tombs,Tomb No. 3,"Mound Section, Fired-compacted Layer, North Trench, Tomb No. 3",Tomb,Mound  3-1,Radpion,RPC-180035,Charcoal,2780,30,"Seoul Baekje Museum, 2019, Tomb No. 3 of the Bangi-dong Ancient Tombs"
220,BI-11,,,Bangi-dong Tombs,Tomb No. 3,"Mound Section, Fired-compacted Layer, North Trench, Tomb No. 3",Tomb,Mound 3-2,Radpion,RPC-180036,Charcoal,2860,30,"Seoul Baekje Museum, 2019, Tomb No. 3 of the Bangi-dong Ancient Tombs"
221,BI-12,,,Bangi-dong Tombs,Tomb No. 3,"Fired-compacted hardened surface (West Wall), beneath the rubble stones within the East-West pit of the tomb passage, inside Tomb No. 3",Tomb,4,Radpion,RPC-180037,Charcoal,1500,30,"Seoul Baekje Museum, 2019, Tomb No. 3 of the Bangi-dong Ancient Tombs"
222,BI-13,,,Bangi-dong Tombs,Tomb No. 3,"Upper fired-compacted hardened surface of the floor, beneath the river gravel pavement in the tomb passage, inside Tomb No. 3",Tomb,5,Radpion,RPC-180038,Charcoal,1490,30,"Seoul Baekje Museum, 2019, Tomb No. 3 of the Bangi-dong Ancient Tombs"
223,BI-14,,,Bangi-dong Tombs,Tomb No. 3,"Floor at the eastern corner of the passage entrance, inside Tomb No. 3",Tomb,7,Radpion,RPC-180040,Charcoal,1480,30,"Seoul Baekje Museum, 2019, Tomb No. 3 of the Bangi-dong Ancient Tombs"
224,BI-15,,,Bangi-dong Tombs,Tomb No. 3,"ired-compacted surface on the exposed drainage ditch of the burial chamber floor, inside Tomb No. 3",Tomb,9,Radpion,RPC-180042,Charcoal,1510,30,"Seoul Baekje Museum, 2019, Tomb No. 3 of the Bangi-dong Ancient Tombs"
225,BI-16,,,Bangi-dong Tombs,Bronze Age Dwelling No. 1,Charred Structural Element No. 1,Dwelling,10,Radpion,RPC-180043,Charcoal,2940,40,"Seoul Baekje Museum, 2019, Tomb No. 3 of the Bangi-dong Ancient Tombs"
226,BI-17,,,Bangi-dong Tombs,Bronze Age Dwelling No. 1,Charred Structural Element No. 2,Dwelling,11-1,Radpion,RPC-180044,Charcoal,2930,40,"Seoul Baekje Museum, 2019, Tomb No. 3 of the Bangi-dong Ancient Tombs"
227,BI-18,,,Bangi-dong Tombs,Bronze Age Dwelling No. 1,Charred Structural Element No. 2,Dwelling,11-2,Radpion,RPC-180045,Charcoal,2920,30,"Seoul Baekje Museum, 2019, Tomb No. 3 of the Bangi-dong Ancient Tombs"
228,BI-19,,,Bangi-dong Tombs,Baekje Dwelling No. 1,Beneath the curbstone near the northwest corner within the sedimentary layer,Dwelling,12,Radpion,RPC-180046,Charcoal,1720,30,"Seoul Baekje Museum, 2019, Tomb No. 3 of the Bangi-dong Ancient Tombs"
229,BI-20,,,Bangi-dong Tombs,Baekje Dwelling No. 1,Floor at the Stove Entrance,Dwelling,13-1,Radpion,RPC-180047,Charcoal,1700,30,"Seoul Baekje Museum, 2019, Tomb No. 3 of the Bangi-dong Ancient Tombs"
230,BI-21,,,Bangi-dong Tombs,Baekje Dwelling No. 1,Floor at the Stove Entrance,Dwelling,13-2,Radpion,RPC-180048,Charcoal,1770,30,"Seoul Baekje Museum, 2019, Tomb No. 3 of the Bangi-dong Ancient Tombs"
231,BI-22,,,Bangi-dong Tombs,Tomb No. 3,Sample No. 1 on the Burial Chamber Floor,Tomb,"Tomb Chamber Floor, Human Remains No. 3",Radpion,RPC-180119,Tooth,1590,30,"Seoul Baekje Museum, 2019, Tomb No. 3 of the Bangi-dong Ancient Tombs"
232,BI-23,,,Bangi-dong Tombs,Tomb No. 3,Sample No. 1 on the Burial Chamber Floor,Tomb,"Tomb Chamber Floor, Human Remains No. 4",Radpion,RPC-180122,Bone,1690,30,"Seoul Baekje Museum, 2019, Tomb No. 3 of the Bangi-dong Ancient Tombs"
233,BI-24,,,Bangi-dong Tombs,Tomb No. 3,Sample No. 1 on the Burial Chamber Floor,Tomb,"Tomb Chamber Floor, Human Remains No. 6",Beta Analytic,Beta-503136,Tooth,1470,30,"Seoul Baekje Museum, 2019, Tomb No. 3 of the Bangi-dong Ancient Tombs"
234,BI-25,,,Bangi-dong Tombs,Tomb No. 3,Sample No. 1 on the Burial Chamber Floor,Tomb,"Tomb Chamber Floor, Human Remains No. 9",Beta Analytic,Beta-503137,Tooth,1590,30,"Seoul Baekje Museum, 2019, Tomb No. 3 of the Bangi-dong Ancient Tombs"
235,BI-26,,,Bangi-dong Tombs,Tomb No. 3,Sample No. 2 on the Burial Chamber Floor,Tomb,"Tomb Chamber Floor, Human Remains No. 5",Radpion,RPC-180120,Tooth,1580,30,"Seoul Baekje Museum, 2019, Tomb No. 3 of the Bangi-dong Ancient Tombs"
236,BI-27,,,Bangi-dong Tombs,Tomb No. 3,-,Tomb,"Tomb Chamber Floor, Human Remains No. 13",Radpion,RPC-180121,Tooth,1680,30,"Seoul Baekje Museum, 2019, Tomb No. 3 of the Bangi-dong Ancient Tombs"
237,SCT-1,,,Seokchon-dong Tombs,Stone-mound Tomb No. 1,Interior Embankment Fill,Tomb,-,KIGAM,KGM-OWd180099,Charcoal,1810,30,"Seoul Baekje Museum, 2020, Excavation Report Ⅱ on the Seokchon-dong Ancient Tomb No. 1, Seoul"
238,SCT-2,,,Seokchon-dong Tombs,Stone-mound Tomb No. 1,East-West Pit (3),Tomb,-,KIGAM,KGM-OWd180100,Charcoal,1690,30,"Seoul Baekje Museum, 2020, Excavation Report Ⅱ on the Seokchon-dong Ancient Tomb No. 1, Seoul"
239,SCT-3,,,Seokchon-dong Tombs,Stone-mound Tomb No. 1,East-West Pit (6),Tomb,-,KIGAM,KGM-OWd180101,Charcoal,1700,30,"Seoul Baekje Museum, 2020, Excavation Report Ⅱ on the Seokchon-dong Ancient Tomb No. 1, Seoul"
240,SCT-4,,,Seokchon-dong Tombs,Burial Ritual Feature No. 1,Interiror Artifact-bearing Layer,Tomb,-,KIGAM,KGM-OWd180102,Charcoal,1850,30,"Seoul Baekje Museum, 2020, Excavation Report Ⅱ on the Seokchon-dong Ancient Tomb No. 1, Seoul"
241,SCT-5,,,Seokchon-dong Tombs,Burial Ritual Feature No. 1,Interior Artifact-bearing Middle Layer,Tomb,-,KIGAM,KGM-OWd180103,Charcoal,1680,30,"Seoul Baekje Museum, 2020, Excavation Report Ⅱ on the Seokchon-dong Ancient Tomb No. 1, Seoul"
242,SCT-6,,,Seokchon-dong Tombs,Burial Ritual Feature No. 1,Interior Artifact-bearing Middle Layer,Tomb,-,KIGAM,KGM-OWd180104,Charcoal,1770,30,"Seoul Baekje Museum, 2020, Excavation Report Ⅱ on the Seokchon-dong Ancient Tomb No. 1, Seoul"
243,SCT-7,,,Seokchon-dong Tombs,Burial Ritual Feature No. 1,Interiror Artifact-bearing Layer,Tomb,-,KIGAM,KGM-OWd180105,Charcoal,1730,30,"Seoul Baekje Museum, 2020, Excavation Report Ⅱ on the Seokchon-dong Ancient Tomb No. 1, Seoul"
244,SCT-8,,,Seokchon-dong Tombs,Burial Ritual Feature No. 1,Interiror Artifact-bearing Layer,Tomb,-,KIGAM,KGM-OWd180106,Charcoal,1800,30,"Seoul Baekje Museum, 2020, Excavation Report Ⅱ on the Seokchon-dong Ancient Tomb No. 1, Seoul"
245,SCT-9,,,Seokchon-dong Tombs,Burial Ritual Feature No. 1,Interior Artifact-bearing Middle Layer,Tomb,-,KIGAM,KGM-OWd180107,Charcoal,1690,30,"Seoul Baekje Museum, 2020, Excavation Report Ⅱ on the Seokchon-dong Ancient Tomb No. 1, Seoul"
246,SCT-10,,,Seokchon-dong Tombs,Burial Ritual Feature No. 1,Interior Artifact-bearing Middle Layer,Tomb,-,KIGAM,KGM-OWd180108,Charcoal,1740,30,"Seoul Baekje Museum, 2020, Excavation Report Ⅱ on the Seokchon-dong Ancient Tomb No. 1, Seoul"
247,SCT-11,,,Seokchon-dong Tombs,Burial Ritual Feature No. 1,Interior Artifact-bearing Lower Layer,Tomb,-,KIGAM,KGM-OWd180109,Charcoal,1840,30,"Seoul Baekje Museum, 2020, Excavation Report Ⅱ on the Seokchon-dong Ancient Tomb No. 1, Seoul"
248,SCT-12,,,Seokchon-dong Tombs,Burial Ritual Feature No. 1,Interior Artifact-bearing Lower Layer,Tomb,-,KIGAM,KGM-OWd180110,Charcoal,1710,30,"Seoul Baekje Museum, 2020, Excavation Report Ⅱ on the Seokchon-dong Ancient Tomb No. 1, Seoul"
249,SCT-13,,,Seokchon-dong Tombs,Burial Ritual Feature No. 1,Interior Artifact-bearing Middle Layer,Tomb,-,KIGAM,KGM-OWd180111,Charcoal,1750,30,"Seoul Baekje Museum, 2020, Excavation Report Ⅱ on the Seokchon-dong Ancient Tomb No. 1, Seoul"
250,SCT-14,,,Seokchon-dong Tombs,Junction of No. 2,"Embankment fill layer beneath the gravel layer, underlying the clay section of the southeast face",Tomb,1,Radpion,RPC-190029,Charcoal,1800,40,"Seoul Baekje Museum, 2019, Excavation Report Ⅰ on the Seokchon-dong Ancient Tomb No. 1, Seoul"
251,SCT-15,,,Seokchon-dong Tombs,Junction of No. 2,"Embankment fill layer beneath the gravel layer, underlying the clay section of the southeast face",Tomb,2,Radpion,RPC-190030,Charcoal,1730,40,"Seoul Baekje Museum, 2019, Excavation Report Ⅰ on the Seokchon-dong Ancient Tomb No. 1, Seoul"
252,SCT-16,,,Seokchon-dong Tombs,Stone-mound Tomb No. 8,Lower stone pavement layer within the East-West pit,Tomb,3,Radpion,RPC-190031,Charcoal,1810,30,"Seoul Baekje Museum, 2019, Excavation Report Ⅰ on the Seokchon-dong Ancient Tomb No. 1, Seoul"
253,SCT-17,,,Seokchon-dong Tombs,Stone-mound Tomb No. 8,Lower stone pavement layer within the East-West pit,Tomb,4,Radpion,RPC-190032,Charcoal,1720,40,"Seoul Baekje Museum, 2019, Excavation Report Ⅰ on the Seokchon-dong Ancient Tomb No. 1, Seoul"
254,SCT-18,,,Seokchon-dong Tombs,Stone-mound Tomb No. 8,Interior fill of Pit No. 1 within the East-West Pit,Tomb,5,Radpion,RPC-190033,Charcoal,1720,40,"Seoul Baekje Museum, 2019, Excavation Report Ⅰ on the Seokchon-dong Ancient Tomb No. 1, Seoul"
255,SCT-19,,,Seokchon-dong Tombs,Stone-mound Tomb No. 8,Interior fill of Pit No. 1 within the East-West Pit,Tomb,6,Radpion,RPC-190034,Charcoal,1850,40,"Seoul Baekje Museum, 2019, Excavation Report Ⅰ on the Seokchon-dong Ancient Tomb No. 1, Seoul"
256,SCT-20,,,Seokchon-dong Tombs,Stone-mound Tomb No. 8,Interior fill of Pit No. 2 within the East-West Pit,Tomb,7,Radpion,RPC-190035,Charcoal,1720,40,"Seoul Baekje Museum, 2019, Excavation Report Ⅰ on the Seokchon-dong Ancient Tomb No. 1, Seoul"
257,SCT-21,,,Seokchon-dong Tombs,Stone-mound Tomb No. 8,Interior fill of Pit No. 2 within the East-West Pit,Tomb,8,Radpion,RPC-190036,Charcoal,1710,40,"Seoul Baekje Museum, 2019, Excavation Report Ⅰ on the Seokchon-dong Ancient Tomb No. 1, Seoul"
258,SCT-22,,,Seokchon-dong Tombs,Stone-mound Tomb No. 1,Interior fill of the feature in the lower layer of the North-South Pit,Tomb,9,Radpion,RPC-190037,Charcoal,1700,40,"Seoul Baekje Museum, 2019, Excavation Report Ⅰ on the Seokchon-dong Ancient Tomb No. 1, Seoul"
259,SCT-23,,,Seokchon-dong Tombs,Stone-mound Tomb No. 1,Interior fill of the feature in the lower layer of the North-South Pit,Tomb,10,Radpion,RPC-190038,Charcoal,1670,40,"Seoul Baekje Museum, 2019, Excavation Report Ⅰ on the Seokchon-dong Ancient Tomb No. 1, Seoul"
260,SCT-24,,,Seokchon-dong Tombs,Burial Ritual Feature No. 7,Outer stacking layer within the embankment fill,Tomb,11,Radpion,RPC-190039,Charcoal,1600,40,"Seoul Baekje Museum, 2019, Excavation Report Ⅰ on the Seokchon-dong Ancient Tomb No. 1, Seoul"
261,SCT-25,,,Seokchon-dong Tombs,Burial Ritual Feature No. 7,Outer stacking layer within the embankment fill,Tomb,12,Radpion,RPC-190040,Charcoal,1690,40,"Seoul Baekje Museum, 2019, Excavation Report Ⅰ on the Seokchon-dong Ancient Tomb No. 1, Seoul"
262,SCT-26,,,Seokchon-dong Tombs,Burial Ritual Feature No. 7,Outer stacking layer within the embankment fill,Tomb,13,Radpion,RPC-190041,Charcoal,1720,40,"Seoul Baekje Museum, 2019, Excavation Report Ⅰ on the Seokchon-dong Ancient Tomb No. 1, Seoul"
263,SCT-27,,,Seokchon-dong Tombs,Burial Ritual Feature No. 7,Outer stacking layer within the embankment fill,Tomb,14,Radpion,RPC-190042,Charcoal,1700,30,"Seoul Baekje Museum, 2019, Excavation Report Ⅰ on the Seokchon-dong Ancient Tomb No. 1, Seoul"
264,SCT-28,,,Seokchon-dong Tombs,Burial Ritual Feature No. 7,Outer stacking layer within the embankment fill,Tomb,15,Radpion,RPC-190043,Charcoal,1700,40,"Seoul Baekje Museum, 2019, Excavation Report Ⅰ on the Seokchon-dong Ancient Tomb No. 1, Seoul"
265,SCT-29,,,Seokchon-dong Tombs,Burial Ritual Feature No. 7,Outer stacking layer within the embankment fill,Tomb,16,Radpion,RPC-190044,Charcoal,1700,40,"Seoul Baekje Museum, 2019, Excavation Report Ⅰ on the Seokchon-dong Ancient Tomb No. 1, Seoul"
266,SCT-30,,,Seokchon-dong Tombs,Wooden-coffin tomb No. 4,Interior fill of the southeast section,Tomb,17,Radpion,RPC-190045,Charcoal,1700,40,"Seoul Baekje Museum, 2019, Excavation Report Ⅰ on the Seokchon-dong Ancient Tomb No. 1, Seoul"
267,SCT-31,,,Seokchon-dong Tombs,Wooden-coffin tomb No. 4,Interior fill of the southeast section,Tomb,18,Radpion,RPC-190046,Charcoal,2150,40,"Seoul Baekje Museum, 2019, Excavation Report Ⅰ on the Seokchon-dong Ancient Tomb No. 1, Seoul"
268,SCT-32,,,Seokchon-dong Tombs,Wooden-coffin tomb No. 4,Interior fill of the northeast section,Tomb,19,Radpion,RPC-190047,Charcoal,1710,40,"Seoul Baekje Museum, 2019, Excavation Report Ⅰ on the Seokchon-dong Ancient Tomb No. 1, Seoul"
269,SCT-33,,,Seokchon-dong Tombs,Wooden-coffin tomb No. 4,Interior fill of the northeast section,Tomb,20,Radpion,RPC-190048,Charcoal,1860,40,"Seoul Baekje Museum, 2019, Excavation Report Ⅰ on the Seokchon-dong Ancient Tomb No. 1, Seoul"
270,SCT-34,,,Seokchon-dong Tombs,Dwelling No. 1,Structural remains (charred posts and ceiling) from abandonment by fire,Dwelling,-,Radpion,RPC-200114,Charcoal,1710,40,"Seoul Baekje Museum, 2020, Excavation Report Ⅱ on the Seokchon-dong Ancient Tomb No. 1, Seoul"
271,SCT-35,,,Seokchon-dong Tombs,Dwelling No. 1,"Charred Wood ②, Upper West Wall Surface",Dwelling,-,Radpion,RPC-200115,Charcoal,1650,40,"Seoul Baekje Museum, 2020, Excavation Report Ⅱ on the Seokchon-dong Ancient Tomb No. 1, Seoul"
272,SCT-36,,,Seokchon-dong Tombs,Dwelling No. 1,"Charred wood from beneath Pottery 7, recovered from the occupation surface at the base of the West Wall",Dwelling,-,Radpion,RPC-200116,Charcoal,1730,40,"Seoul Baekje Museum, 2020, Excavation Report Ⅱ on the Seokchon-dong Ancient Tomb No. 1, Seoul"
273,SCT-37,,,Seokchon-dong Tombs,Dwelling No. 1,Charred wood from the occupation surface at the base of the South Wall,Dwelling,-,Radpion,RPC-200117,Charcoal,1740,40,"Seoul Baekje Museum, 2020, Excavation Report Ⅱ on the Seokchon-dong Ancient Tomb No. 1, Seoul"
274,SCT-38,,,Seokchon-dong Tombs,Dwelling No. 1,Floor outside the stove ①,Dwelling,-,Radpion,RPC-200118,Charcoal,1730,40,"Seoul Baekje Museum, 2020, Excavation Report Ⅱ on the Seokchon-dong Ancient Tomb No. 1, Seoul"
275,SCT-39,,,Seokchon-dong Tombs,Dwelling No. 1,Floor outside the stove ②,Dwelling,-,Radpion,RPC-200119,Charcoal,1750,40,"Seoul Baekje Museum, 2020, Excavation Report Ⅱ on the Seokchon-dong Ancient Tomb No. 1, Seoul"
276,SCT-40,,,Seokchon-dong Tombs,Dwelling No. 1,Charred wood from the floor of the internal pit ①,Dwelling,-,Radpion,RPC-200120,Charcoal,1670,40,"Seoul Baekje Museum, 2020, Excavation Report Ⅱ on the Seokchon-dong Ancient Tomb No. 1, Seoul"
277,SCT-41,,,Seokchon-dong Tombs,Dwelling No. 1,Charred wood from the floor of the internal pit ②,Dwelling,-,Radpion,RPC-200121,Charcoal,1620,40,"Seoul Baekje Museum, 2020, Excavation Report Ⅱ on the Seokchon-dong Ancient Tomb No. 1, Seoul"
278,SCT-42,,,Seokchon-dong Tombs,Dwelling No. 1,Interior Pit,Dwelling,-,Radpion,RPC-200122,Charcoal,1780,40,"Seoul Baekje Museum, 2020, Excavation Report Ⅱ on the Seokchon-dong Ancient Tomb No. 1, Seoul"
279,SCT-43,,,Seokchon-dong Tombs,Stone-mound Tomb No. 7,Interior Embankment Fill Layer,Tomb,-,Radpion,RPC-200123,Charcoal,2090,40,"Seoul Baekje Museum, 2020, Excavation Report Ⅱ on the Seokchon-dong Ancient Tomb No. 1, Seoul"
280,SCT-44,,,Seokchon-dong Tombs,Stone-mound Tomb No. 7,Embankment Fill Layer ②,Tomb,-,Radpion,RPC-200124,Charcoal,2170,40,"Seoul Baekje Museum, 2020, Excavation Report Ⅱ on the Seokchon-dong Ancient Tomb No. 1, Seoul"
281,SCT-45,,,Seokchon-dong Tombs,Stone-mound Tomb No. 7,Interior fill of the bottom-most pit,Tomb,-,Radpion,RPC-200125,Charcoal,1740,30,"Seoul Baekje Museum, 2020, Excavation Report Ⅱ on the Seokchon-dong Ancient Tomb No. 1, Seoul"
282,SCT-46,,,Seokchon-dong Tombs,Stone-mound Tomb No. 4-1,Fire-compacted surface within the interior embankment fill,Tomb,-,Radpion,RPC-200126,Charcoal,1640,30,"Seoul Baekje Museum, 2020, Excavation Report Ⅱ on the Seokchon-dong Ancient Tomb No. 1, Seoul"
283,SCT-47,,,Seokchon-dong Tombs,Stone-mound Tomb No. 4-1,Fire-compacted layer ② in the South Trench,Tomb,-,Radpion,RPC-200127,Charcoal,1720,30,"Seoul Baekje Museum, 2020, Excavation Report Ⅱ on the Seokchon-dong Ancient Tomb No. 1, Seoul"
284,SCT-48,,,Seokchon-dong Tombs,Stone-mound Tomb No. 4-1,Fire-compacted layer ③ in the South Trench,Tomb,-,Radpion,RPC-200128,Charcoal,1630,30,"Seoul Baekje Museum, 2020, Excavation Report Ⅱ on the Seokchon-dong Ancient Tomb No. 1, Seoul"
285,SCT-49,,,Seokchon-dong Tombs,Stone-mound Tomb No. 8,Interior Embankment Fill Layer,Tomb,-,Radpion,RPC-200129,Charcoal,1660,30,"Seoul Baekje Museum, 2020, Excavation Report Ⅱ on the Seokchon-dong Ancient Tomb No. 1, Seoul"
286,SCT-50,,,Seokchon-dong Tombs,Stone-mound Tomb No. 8,Artifact discard surface ② in the East-West Pit,Tomb,-,Radpion,RPC-200130,Charcoal,1730,30,"Seoul Baekje Museum, 2020, Excavation Report Ⅱ on the Seokchon-dong Ancient Tomb No. 1, Seoul"
287,SCT-51,,,Seokchon-dong Tombs,Stone-mound Tomb No. 8,Artifact discard surface ③ in the East-West Pit,Tomb,-,Radpion,RPC-200131,Charcoal,1680,40,"Seoul Baekje Museum, 2020, Excavation Report Ⅱ on the Seokchon-dong Ancient Tomb No. 1, Seoul"
288,SCT-52,,,Seokchon-dong Tombs,Stone-mound Tomb No. 9,Interior Embankment Fill Layer,Tomb,-,Radpion,RPC-200132,Charcoal,1710,30,"Seoul Baekje Museum, 2020, Excavation Report Ⅱ on the Seokchon-dong Ancient Tomb No. 1, Seoul"
289,SCT-53,,,Seokchon-dong Tombs,Stone-mound Tomb No. 9,Embankment Fill Layer ②,Tomb,-,Radpion,RPC-200133,Charcoal,1700,30,"Seoul Baekje Museum, 2020, Excavation Report Ⅱ on the Seokchon-dong Ancient Tomb No. 1, Seoul"
290,SCT-54,,,Seokchon-dong Tombs,Stone-mound Tomb No. 9,Embankment Fill Layer ③,Tomb,-,Radpion,RPC-200134,Charcoal,1700,30,"Seoul Baekje Museum, 2020, Excavation Report Ⅱ on the Seokchon-dong Ancient Tomb No. 1, Seoul"
291,SCT-55,,,Seokchon-dong Tombs,Trench No. 5 in the Vicinity of Tomb No. 1,Sedimentary layer deposited immediately prior to the construction of the stone-mound tomb in the southwest area,Others,-,Radpion,RPC-200135,Charcoal,1630,30,"Seoul Baekje Museum, 2020, Excavation Report Ⅱ on the Seokchon-dong Ancient Tomb No. 1, Seoul"
292,SCT-56,,,Seokchon-dong Tombs,Stone-mound Tomb No. 8,Artifact-bearing Layer Ⅺ,Tomb,-,Radpion,RPC-220168,Charcoal,1710,30,"Seoul Baekje Museum, 2022, Excavation Report Ⅳ on the Seokchon-dong Ancient Tomb No. 1, Seoul"
293,SCT-57,,,Seokchon-dong Tombs,Stone-mound Tomb No. 8,Wood Planking Layer ⅩⅩⅦ,Tomb,-,Radpion,RPC-220169,Charcoal,1690,40,"Seoul Baekje Museum, 2022, Excavation Report Ⅳ on the Seokchon-dong Ancient Tomb No. 1, Seoul"
294,SCT-58,,,Seokchon-dong Tombs,Stone-mound Tomb No. 8,Wood Planking Layer ⅩⅩⅦ,Tomb,-,Radpion,RPC-220170,Charcoal,1720,30,"Seoul Baekje Museum, 2022, Excavation Report Ⅳ on the Seokchon-dong Ancient Tomb No. 1, Seoul"
295,SCT-59,,,Seokchon-dong Tombs,Stone-mound Tomb No. 21,Layer Ⅱ-2 of the pit within the eastern extension of the trench,Tomb,-,Radpion,RPC-220171,Charcoal,2060,30,"Seoul Baekje Museum, 2022, Excavation Report Ⅳ on the Seokchon-dong Ancient Tomb No. 1, Seoul"
296,SCT-60,,,Seokchon-dong Tombs,Stone-mound Tomb No. 21,Layer Ⅱ-2 of the pit within the eastern extension of the trench,Tomb,-,Radpion,RPC-220172,Charcoal,2060,30,"Seoul Baekje Museum, 2022, Excavation Report Ⅳ on the Seokchon-dong Ancient Tomb No. 1, Seoul"
297,SCT-61,,,Seokchon-dong Tombs,Stone-mound Tomb No. 26,Burnt soil layer ⅩⅩ-5 at 60cm below the surface,Tomb,-,Radpion,RPC-220173,Charcoal,2130,30,"Seoul Baekje Museum, 2022, Excavation Report Ⅳ on the Seokchon-dong Ancient Tomb No. 1, Seoul"
298,SCT-62,,,Seokchon-dong Tombs,Stone-mound Tomb No. 26,Burnt soil layer ⅩⅩ-5 at 60cm below the surface,Tomb,-,Radpion,RPC-220174,Charcoal,2120,30,"Seoul Baekje Museum, 2022, Excavation Report Ⅳ on the Seokchon-dong Ancient Tomb No. 1, Seoul"
299,SCT-63,,,Seokchon-dong Tombs,Stone-mound Tomb No. 28,Vicinity of the upper stone pavement layer,Tomb,-,Radpion,RPC-220175,Charcoal,1750,40,"Seoul Baekje Museum, 2022, Excavation Report Ⅳ on the Seokchon-dong Ancient Tomb No. 1, Seoul"
300,SCT-64,,,Seokchon-dong Tombs,Stone-mound Tomb No. 28,Vicinity of the upper stone pavement layer,Tomb,-,Radpion,RPC-220176,Charcoal,1770,30,"Seoul Baekje Museum, 2022, Excavation Report Ⅳ on the Seokchon-dong Ancient Tomb No. 1, Seoul"
301,SCT-65,,,Seokchon-dong Tombs,Stone-mound Tomb No. 28,Lower Gravel Layer,Tomb,-,Radpion,RPC-220177,Charcoal,1750,30,"Seoul Baekje Museum, 2022, Excavation Report Ⅳ on the Seokchon-dong Ancient Tomb No. 1, Seoul"
302,SCT-66,,,Seokchon-dong Tombs,Stone-mound Tomb No. 28,Lower Gravel Layer,Tomb,-,Radpion,RPC-220178,Charcoal,1760,30,"Seoul Baekje Museum, 2022, Excavation Report Ⅳ on the Seokchon-dong Ancient Tomb No. 1, Seoul"
303,SCT-67,,,Seokchon-dong Tombs,Pit No. 2,Upper Deposit,Pit,-,Radpion,RPC-220179,Charcoal,2220,30,"Seoul Baekje Museum, 2022, Excavation Report Ⅳ on the Seokchon-dong Ancient Tomb No. 1, Seoul"
304,SCT-68,,,Seokchon-dong Tombs,Pit No. 2,Samples recovered from the stratigraphic profile,Pit,-,Radpion,RPC-220180,Charcoal,2240,30,"Seoul Baekje Museum, 2022, Excavation Report Ⅳ on the Seokchon-dong Ancient Tomb No. 1, Seoul"
305,SCT-69,,,Seokchon-dong Tombs,Pit No. 3,-,Pit,-,Radpion,RPC-220181,Charcoal,1800,40,"Seoul Baekje Museum, 2022, Excavation Report Ⅳ on the Seokchon-dong Ancient Tomb No. 1, Seoul"
306,SCT-70,,,Seokchon-dong Tombs,Pit No. 3,-,Pit,-,Radpion,RPC-220182,Charcoal,1760,40,"Seoul Baekje Museum, 2022, Excavation Report Ⅳ on the Seokchon-dong Ancient Tomb No. 1, Seoul"
307,SCT-71,,,Seokchon-dong Tombs,Pit No. 3,-,Pit,-,Radpion,RPC-220183,Charcoal,1720,40,"Seoul Baekje Museum, 2022, Excavation Report Ⅳ on the Seokchon-dong Ancient Tomb No. 1, Seoul"
308,SCT-72,,,Seokchon-dong Tombs,Pit No. 3,-,Pit,-,Radpion,RPC-220184,Charcoal,1780,40,"Seoul Baekje Museum, 2022, Excavation Report Ⅳ on the Seokchon-dong Ancient Tomb No. 1, Seoul"
309,SCT-73,,,Seokchon-dong Tombs,Stone-mound Tomb No. 2,Broken stone pavement layer within the trench,Tomb,-,Radpion,RPC-230536,Charcoal,1770,40,"Seoul Baekje Museum, 2023, Excavation Report Ⅴ on the Seokchon-dong Ancient Tomb No. 1, Seoul"
310,SCT-74,,,Seokchon-dong Tombs,Stone-mound Tomb No. 2,Collapse inside Wooden Chamber Tomb No. 17,Tomb,-,Radpion,RPC-230537,Charcoal,1670,40,"Seoul Baekje Museum, 2023, Excavation Report Ⅴ on the Seokchon-dong Ancient Tomb No. 1, Seoul"
311,SCT-75,,,Seokchon-dong Tombs,Dwelling No. 2,Layer 2 of the clay stove interior fill,Dwelling,-,Radpion,RPC-230538,Charcoal,1690,40,"Seoul Baekje Museum, 2023, Excavation Report Ⅴ on the Seokchon-dong Ancient Tomb No. 1, Seoul"
312,SCT-76,,,Seokchon-dong Tombs,Dwelling No. 2,Layer 2 of the clay stove interior fill,Dwelling,-,Radpion,RPC-230539,Charcoal,1600,40,"Seoul Baekje Museum, 2023, Excavation Report Ⅴ on the Seokchon-dong Ancient Tomb No. 1, Seoul"
313,SCT-77,,,Seokchon-dong Tombs,Dwelling No. 3,Frontal section of the clay stove,Dwelling,-,Radpion,RPC-230540,Charcoal,1850,40,"Seoul Baekje Museum, 2023, Excavation Report Ⅴ on the Seokchon-dong Ancient Tomb No. 1, Seoul"
314,SCT-78,,,Seokchon-dong Tombs,Pit No. 4,Interior Embankment Fill,Pit,-,Radpion,RPC-230541,Charcoal,1660,40,"Seoul Baekje Museum, 2023, Excavation Report Ⅴ on the Seokchon-dong Ancient Tomb No. 1, Seoul"
315,SCT-79,,,Seokchon-dong Tombs,Stone-mound Tomb No. 8,-,Tomb,-,Radpion,RPC-210207,Charcoal,1720,30,"Seoul Baekje Museum, 2024, Excavation Report Ⅵ on the Seokchon-dong Ancient Tomb No. 1, Seoul"
316,SCT-80,,,Seokchon-dong Tombs,Stone-mound Tomb No. 8,-,Tomb,-,Radpion,RPC-210208,Charcoal,1800,30,"Seoul Baekje Museum, 2024, Excavation Report Ⅵ on the Seokchon-dong Ancient Tomb No. 1, Seoul"
317,SCT-81,,,Seokchon-dong Tombs,Stone-mound Tomb No. 8,-,Tomb,-,Radpion,RPC-210209,Charcoal,1760,30,"Seoul Baekje Museum, 2024, Excavation Report Ⅵ on the Seokchon-dong Ancient Tomb No. 1, Seoul"