No,X,Y,SiteName,SiteID,Context,SiteType,SampleID,Lab,LabID,Material,BP,Error,References
1,,,풍납토성 현대,가-2호 주거지,,주거지,-,서울대학교 기초과학공동기기원,-,Charcoal,2190,50,"국립문화재연구소, 2001, 풍납토성Ⅰ - 현대연합주택 및 1지구 재건축 부지"
2,,,풍납토성 현대,가-3호 주거지,,주거지,-,서울대학교 기초과학공동기기원,-,Charcoal,1980,50,"국립문화재연구소, 2001, 풍납토성Ⅰ - 현대연합주택 및 1지구 재건축 부지"
3,,,풍납토성 현대,가-4호 주거지,,주거지,-,서울대학교 기초과학공동기기원,-,Charcoal,1850,50,"국립문화재연구소, 2001, 풍납토성Ⅰ - 현대연합주택 및 1지구 재건축 부지"
4,,,풍납토성 현대,나-1호 주거지,,주거지,-,서울대학교 기초과학공동기기원,-,Charcoal,2030,60,"국립문화재연구소, 2001, 풍납토성Ⅰ - 현대연합주택 및 1지구 재건축 부지"
5,,,풍납토성 현대,나-3호 주거지,,주거지,-,서울대학교 기초과학공동기기원,-,Charcoal,2150,50,"국립문화재연구소, 2001, 풍납토성Ⅰ - 현대연합주택 및 1지구 재건축 부지"
6,,,풍납토성 현대,나-8호 주거지,,주거지,-,서울대학교 기초과학공동기기원,-,Charcoal,2080,60,"국립문화재연구소, 2001, 풍납토성Ⅰ - 현대연합주택 및 1지구 재건축 부지"
7,,,풍납토성 동성벽,B지점 내벽,3토루 상부,성벽,-,서울대학교 기초과학공동기기원,-,Charcoal,1820,50,"국립문화재연구소, 2002, 풍납토성Ⅱ - 동벽 발굴조사 보고서"
8,,,풍납토성 동성벽,A지점 내벽,5토루 뻘층,성벽,-,서울대학교 기초과학공동기기원,-,Charcoal,2050,50,"국립문화재연구소, 2002, 풍납토성Ⅱ - 동벽 발굴조사 보고서"
9,,,풍납토성 동성벽,B지점 내벽,6토루 석축 하부 뻘층,성벽,-,서울대학교 기초과학공동기기원,-,Charcoal,1930,50,"국립문화재연구소, 2002, 풍납토성Ⅱ - 동벽 발굴조사 보고서"
10,,,풍납토성 동성벽,북측 Tr,하부 초석(건물지),건물지,-,서울대학교 기초과학공동기기원,-,Charcoal,2050,50,"국립문화재연구소, 2002, 풍납토성Ⅱ - 동벽 발굴조사 보고서"
11,,,풍납토성 경당지구,44호 서편 구,,구상유구,-,서울대학교 기초과학공동기기원,SNU 00-120,Charcoal,1520,40,"한신대학교박물관, 2004, 풍납토성Ⅳ - 경당지구 9호 유구에 대한 발굴보고"
12,,,풍납토성 경당지구,44호 동편 구,,구상유구,-,서울대학교 기초과학공동기기원,SNU 00-121,Charcoal,1680,40,"한신대학교박물관, 2004, 풍납토성Ⅳ - 경당지구 9호 유구에 대한 발굴보고"
13,,,풍납토성 경당지구,44호 입구부,,구상유구,-,서울대학교 기초과학공동기기원,SNU 00-226,Charcoal,1780,40,"한신대학교박물관, 2004, 풍납토성Ⅳ - 경당지구 9호 유구에 대한 발굴보고"
14,,,풍납토성 경당지구,44호 서편 구,,구상유구,-,서울대학교 기초과학공동기기원,SNU 00-227,Charcoal,1900,60,"한신대학교박물관, 2004, 풍납토성Ⅳ - 경당지구 9호 유구에 대한 발굴보고"
15,,,풍납토성 외환은행,목제우물 유구 21번,,우물,-,서울대학교 기초과학공동기기원,SNU 04-809,Wood,1650,40,"국립문화재연구소, 2007, 풍납토성Ⅷ - 외환은행직원합숙소부지 · 소규모주택신축부지 · 강동빌라부지 · 대진·동산연립주택부지 -"
16,,,풍납토성 외환은행,목제우물 유구 27번,,우물,-,서울대학교 기초과학공동기기원,SNU 04-808,Wood,1660,40,"국립문화재연구소, 2007, 풍납토성Ⅷ - 외환은행직원합숙소부지 · 소규모주택신축부지 · 강동빌라부지 · 대진·동산연립주택부지 -"
17,,,풍납토성 미래마을,가-1호 주거지,,주거지,-,서울대학교 기초과학공동기기원,SNU 07-160,Charcoal,1700,50,"국립문화재연구소, 2009, 풍납토성Ⅺ - 풍납동 197번지(미래마을) 시굴 및 발굴조사 보고서"
18,,,풍납토성 미래마을,가-2호 주거지,①,주거지,-,서울대학교 기초과학공동기기원,SNU 07-163,Charcoal,1990,60,"국립문화재연구소, 2009, 풍납토성Ⅺ - 풍납동 197번지(미래마을) 시굴 및 발굴조사 보고서"
19,,,풍납토성 미래마을,가-2호 주거지,②,주거지,-,서울대학교 기초과학공동기기원,SNU 07-164,Charcoal,1470,50,"국립문화재연구소, 2009, 풍납토성Ⅺ - 풍납동 197번지(미래마을) 시굴 및 발굴조사 보고서"
20,,,풍납토성 미래마을,가-3호 주거지,①,주거지,-,서울대학교 기초과학공동기기원,SNU 07-161,Charcoal,1710,50,"국립문화재연구소, 2009, 풍납토성Ⅺ - 풍납동 197번지(미래마을) 시굴 및 발굴조사 보고서"
21,,,풍납토성 미래마을,가-3호 주거지,②,주거지,-,서울대학교 기초과학공동기기원,SNU 07-162,Charcoal,1650,60,"국립문화재연구소, 2009, 풍납토성Ⅺ - 풍납동 197번지(미래마을) 시굴 및 발굴조사 보고서"
22,,,풍납토성 미래마을,가-6호 주거지,①,주거지,-,서울대학교 기초과학공동기기원,SNU 07-167,Charcoal,2070,80,"국립문화재연구소, 2009, 풍납토성Ⅺ - 풍납동 197번지(미래마을) 시굴 및 발굴조사 보고서"
23,,,풍납토성 미래마을,가-6호 주거지,②,주거지,-,서울대학교 기초과학공동기기원,SNU 07-168,Charcoal,1690,50,"국립문화재연구소, 2009, 풍납토성Ⅺ - 풍납동 197번지(미래마을) 시굴 및 발굴조사 보고서"
24,,,풍납토성 미래마을,가-1호 폐기수혈,s63.5w9 3층,수혈,-,서울대학교 기초과학공동기기원,SNU 07-158,Charcoal,1860,50,"국립문화재연구소, 2009, 풍납토성Ⅺ - 풍납동 197번지(미래마을) 시굴 및 발굴조사 보고서"
25,,,풍납토성 미래마을,가-1호 폐기수혈,"A, B 하층 구",구상유구,-,서울대학교 기초과학공동기기원,SNU 07-159,Charcoal,1670,50,"국립문화재연구소, 2009, 풍납토성Ⅺ - 풍납동 197번지(미래마을) 시굴 및 발굴조사 보고서"
26,,,풍납토성 미래마을,가-30호 수혈 건물지,,건물지,-,서울대학교 기초과학공동기기원,SNU 08-295,Charcoal,1660,50,"국립문화재연구소, 2009, 풍납토성Ⅺ - 풍납동 197번지(미래마을) 시굴 및 발굴조사 보고서"
27,,,풍납토성 미래마을,가-48호 수혈,,수혈,-,서울대학교 기초과학공동기기원,SNU 07-166,Charcoal,1790,50,"국립문화재연구소, 2009, 풍납토성Ⅺ - 풍납동 197번지(미래마을) 시굴 및 발굴조사 보고서"
28,,,풍납토성 미래마을,가-59호 수혈,,수혈,-,서울대학교 기초과학공동기기원,SNU  07-165,Charcoal,1640,50,"국립문화재연구소, 2009, 풍납토성Ⅺ - 풍납동 197번지(미래마을) 시굴 및 발굴조사 보고서"
29,,,풍납토성 미래마을,가-79호 수혈,목탄층,수혈,-,서울대학교 기초과학공동기기원,SNU 08-292,Charcoal,1710,60,"국립문화재연구소, 2009, 풍납토성Ⅺ - 풍납동 197번지(미래마을) 시굴 및 발굴조사 보고서"
30,,,풍납토성 미래마을,나-3호 주거지,,주거지,-,서울대학교 기초과학공동기기원,SNU 08-297,Charcoal,1700,50,미보고
31,,,풍납토성 미래마을,나-6호 주거지,,주거지,-,서울대학교 기초과학공동기기원,SNU 08-294,Charcoal,1610,50,미보고
32,,,풍납토성 미래마을,나-6호 주거지,부뚜막 내부,주거지,-,서울대학교 기초과학공동기기원,SNU 10-521,Charcoal,1670,40,미보고
33,,,풍납토성 미래마을,나-7호 주거지,,주거지,-,서울대학교 기초과학공동기기원,SNU 08-296,Charcoal,1750,50,미보고
34,,,풍납토성 미래마을,나-7호 주거지,(추가),주거지,-,서울대학교 기초과학공동기기원,SNU 10-520,Charcoal,2940,50,미보고
35,,,풍납토성 미래마을,나-8호 주거지,,주거지,-,서울대학교 기초과학공동기기원,SNU 08-302,Charcoal,1960,50,미보고
36,,,풍납토성 미래마을,나-10호 주거지,,주거지,-,서울대학교 기초과학공동기기원,SNU 10-522,Charcoal,1960,40,미보고
37,,,풍납토성 미래마을,나-10호 주거지,철겸 하단부,주거지,-,서울대학교 기초과학공동기기원,SNU 10-525,Charcoal,1750,40,미보고
38,,,풍납토성 미래마을,나-10호 주거지,횡목,주거지,-,서울대학교 기초과학공동기기원,SNU 10-526,Charcoal,1780,60,미보고
39,,,풍납토성 미래마을,나-10호 주거지,동편 모서리 말뚝,주거지,-,서울대학교 기초과학공동기기원,SNU 10-527,Charcoal,1720,40,미보고
40,,,풍납토성 미래마을,나-10호 주거지,2월 1일,주거지,-,국립문화재연구소 보존과학실,SNU 11-R086,Charcoal,1940,40,미보고
41,,,풍납토성 미래마을,나-10호 주거지,2월 2일,주거지,-,국립문화재연구소 보존과학실,SNU 11-R087,Charcoal,1760,40,미보고
42,,,풍납토성 미래마을,나-10호 주거지,6월 1일,주거지,-,국립문화재연구소 보존과학실,SNU 11-R088,Charcoal,1810,50,미보고
43,,,풍납토성 미래마을,나-10호 주거지,1월 14일,주거지,-,국립문화재연구소 보존과학실,SNU 11-R089,Charcoal,5840,70,미보고
44,,,풍납토성 미래마을,나-12호 주거지,,주거지,-,서울대학교 기초과학공동기기원,SNU 08-298,Charcoal,1700,50,미보고
45,,,풍납토성 미래마을,나-18호 주거지,부뚜막,주거지,-,서울대학교 기초과학공동기기원,SNU 10-528,Charcoal,1690,40,미보고
46,,,풍납토성 미래마을,나-19-1호 수혈,,수혈,-,서울대학교 기초과학공동기기원,SNU 08-293,Charcoal,1920,50,미보고
47,,,풍납토성 미래마을,나-36-1호 수혈,,수혈,-,서울대학교 기초과학공동기기원,SNU 08-301,Charcoal,1930,50,미보고
48,,,풍납토성 미래마을,나-39호 수혈,화장실 유구 추정,수혈,-,서울대학교 기초과학공동기기원,SNU 08-300,Charcoal,1790,50,미보고
49,,,풍납토성 미래마을,나-39호 수혈,수혈 내 바닥,수혈,-,서울대학교 기초과학공동기기원,SNU 10-524,Charcoal,2660,40,미보고
50,,,풍납토성 미래마을,나-47호 수혈,,수혈,-,서울대학교 기초과학공동기기원,SNU 08-299,Charcoal,1690,50,미보고
51,,,풍납토성 미래마을,다-3호 주거지,서벽 벽체부 내 소토층,주거지,-,서울대학교 기초과학공동기기원,SNU 10-531,Charcoal,1850,50,미보고
52,,,풍납토성 미래마을,다-3호 주거지,동벽,주거지,-,서울대학교 기초과학공동기기원,SNU 10-532,Charcoal,1790,40,미보고
53,,,풍납토성 미래마을,다-5호 주거지,바닥 목탄층,주거지,-,서울대학교 기초과학공동기기원,SNU 10-529,Charcoal,1820,50,미보고
54,,,풍납토성 미래마을,라-1호 주거지,부뚜막,주거지,-,서울대학교 기초과학공동기기원,SNU 10-534,Charcoal,1880,50,미보고
55,,,풍납토성 미래마을,라-2호 주거지,부뚜막 내부,주거지,-,서울대학교 기초과학공동기기원,SNU 10-533,Charcoal,1900,50,미보고
56,,,풍납토성 미래마을,N40E30 대옹,대옹 내,-,-,서울대학교 기초과학공동기기원,SNU 10-530,Charcoal,1760,40,미보고
57,,,풍납토성 미래마을,라-3호 주거지,④,주거지,-,서울대학교 기초과학공동기기원,SNU 10-R166,Charcoal,1770,50,미보고
58,,,풍납토성 미래마을,라-7호 주거지,③,주거지,-,서울대학교 기초과학공동기기원,SNU 10-R167,Charcoal,1850,50,미보고
59,,,풍납토성 미래마을,라-8호 주거지,①-1,주거지,-,서울대학교 기초과학공동기기원,SNU 10-R168,Charcoal,1790,50,미보고
60,,,풍납토성 미래마을,라-8호 주거지,①-2,주거지,-,서울대학교 기초과학공동기기원,SNU 10-R169,Charcoal,1820,50,미보고
61,,,풍납토성 미래마을,라-8호 주거지,①-3,주거지,-,서울대학교 기초과학공동기기원,SNU 10-R170,Charcoal,1760,50,미보고
62,,,풍납토성 미래마을,라-8호 주거지,①-4,주거지,-,서울대학교 기초과학공동기기원,SNU 10-R171,Charcoal,1870,50,미보고
63,,,풍납토성 미래마을,라-8호 주거지,①-5,주거지,-,서울대학교 기초과학공동기기원,SNU 10-R172,Charcoal,1790,50,미보고
64,,,풍납토성 미래마을,라-8호 주거지,①-6,주거지,-,서울대학교 기초과학공동기기원,SNU 10-R173,Charcoal,1820,50,미보고
65,,,풍납토성 미래마을,라-8호 주거지,②-1,주거지,-,서울대학교 기초과학공동기기원,SNU 10-R174,Charcoal,2180,50,미보고
66,,,풍납토성 미래마을,라-8호 주거지,②-2,주거지,-,서울대학교 기초과학공동기기원,SNU 10-R175,Charcoal,1970,50,미보고
67,,,풍납토성 미래마을,라-19호 주거지,내부 서벽 1,주거지,-,서울대학교 기초과학공동기기원,SNU 11-R090,Charcoal,2000,40,미보고
68,,,풍납토성 미래마을,라-19호 주거지,내부 서벽 2-1,주거지,-,서울대학교 기초과학공동기기원,SNU 11-R091,Charcoal,2070,40,미보고
69,,,풍납토성 미래마을,라-19호 주거지,내부 서벽 2-2,주거지,-,서울대학교 기초과학공동기기원,SNU 11-R092,Charcoal,2030,50,미보고
70,,,풍납토성 미래마을,라-19호 주거지,서벽 3-1,주거지,-,서울대학교 기초과학공동기기원,SNU 11-R093,Charcoal,2030,40,미보고
71,,,풍납토성 미래마을,라-19호 주거지,서벽 4,주거지,-,서울대학교 기초과학공동기기원,SNU 11-R094,Charcoal,1890,40,미보고
72,,,풍납토성 미래마을,라-19호 주거지,바닥 62grid 7,주거지,-,서울대학교 기초과학공동기기원,SNU 11-R095,Charcoal,2010,40,미보고
73,,,풍납토성 미래마을,마-1호 주거지,부뚜막 내부 1,주거지,-,서울대학교 기초과학공동기기원,SNU 11-R096,Charcoal,1800,40,미보고
74,,,풍납토성 미래마을,마-1호 주거지,부뚜막 왼편 2,주거지,-,서울대학교 기초과학공동기기원,SNU 11-R097,Charcoal,1840,40,미보고
75,,,풍납토성 미래마을,마-1호 주거지,주거지 남서편 3,주거지,-,서울대학교 기초과학공동기기원,SNU 11-R098,Charcoal,1840,40,미보고
76,,,풍납토성 경당지구,경당 1구역 229-6호,,-,-,한국지질자원연구원,KR 08-293,Charcoal,1780,40,"한신대학교박물관, 2011, 풍납토성Ⅻ - 경당지구 196호 유구에 대한 보고 -"
77,,,풍납토성 경당지구,경당 1구역 206호,사도되메우기층-2,-,-,한국지질자원연구원,KR 08-294,Charcoal,1840,50,"한신대학교박물관, 2011, 풍납토성Ⅻ - 경당지구 196호 유구에 대한 보고 -"
78,,,풍납토성 경당지구,경당 1구역,전체토층 6-1층,-,-,한국지질자원연구원,KR 08-296,Charcoal,1670,50,"한신대학교박물관, 2011, 풍납토성Ⅻ - 경당지구 196호 유구에 대한 보고 -"
79,,,풍납토성 경당지구,경당 1구역,전체토층 6-2층,-,-,한국지질자원연구원,KR 08-297,Charcoal,1550,40,"한신대학교박물관, 2011, 풍납토성Ⅻ - 경당지구 196호 유구에 대한 보고 -"
80,,,풍납토성 경당지구,경당 1구역 206호,사도되메우기층-1,-,-,한국지질자원연구원,KR 08-298,Charcoal,1760,40,"한신대학교박물관, 2011, 풍납토성Ⅻ - 경당지구 196호 유구에 대한 보고 -"
81,,,풍납토성 경당지구,경당 2구역 101호,남북 보크 D 수혈 2층,수혈,-,한국지질자원연구원,KR 08-299,Charcoal,1790,40,"한신대학교박물관, 2011, 풍납토성Ⅻ - 경당지구 196호 유구에 대한 보고 -"
82,,,풍납토성 경당지구,경당 2구역 101호,남북 보크 5층,수혈,-,한국지질자원연구원,KR 08-300,Charcoal,1710,40,"한신대학교박물관, 2011, 풍납토성Ⅻ - 경당지구 196호 유구에 대한 보고 -"
83,,,풍납토성 경당지구,경당 2구역 101호,동서 보크 13층,수혈,-,한국지질자원연구원,KR 08-301,Charcoal,1660,40,"한신대학교박물관, 2011, 풍납토성Ⅻ - 경당지구 196호 유구에 대한 보고 -"
84,,,풍납토성 경당지구,경당 3구역 44호,남쪽 보크 상,건물지,-,한국지질자원연구원,KR 08-303,Charcoal,1840,40,"한신대학교박물관, 2011, 풍납토성Ⅻ - 경당지구 196호 유구에 대한 보고 -"
85,,,풍납토성 경당지구,경당 3구역 44호,남쪽 보크 하,건물지,-,한국지질자원연구원,KR 08-304,Charcoal,1760,40,"한신대학교박물관, 2011, 풍납토성Ⅻ - 경당지구 196호 유구에 대한 보고 -"
86,,,풍납토성 경당지구,경당 3구역 44호,동쪽 보크 하,건물지,-,한국지질자원연구원,KR 08-305,Charcoal,1750,40,"한신대학교박물관, 2011, 풍납토성Ⅻ - 경당지구 196호 유구에 대한 보고 -"
87,,,풍납토성 경당지구,경당 3구역 44호,서쪽 보크 하,건물지,-,한국지질자원연구원,KR 08-306,Charcoal,1740,40,"한신대학교박물관, 2011, 풍납토성Ⅻ - 경당지구 196호 유구에 대한 보고 -"
88,,,풍납토성 경당지구,경당 3구역 44호,상면 벽체 제거중,건물지,-,한국지질자원연구원,KR 08-307,Charcoal,1730,40,"한신대학교박물관, 2011, 풍납토성Ⅻ - 경당지구 196호 유구에 대한 보고 -"
89,,,풍납토성 경당지구,경당 3구역 44호,출입구 부분 적석시설,건물지,-,한국지질자원연구원,KR 08-308,Charcoal,1840,40,"한신대학교박물관, 2011, 풍납토성Ⅻ - 경당지구 196호 유구에 대한 보고 -"
90,,,풍납토성 경당지구,경당 4구역 196호,기둥,건물지,-,한국지질자원연구원,KR 08-309,Charcoal,1810,40,"한신대학교박물관, 2011, 풍납토성Ⅻ - 경당지구 196호 유구에 대한 보고 -"
91,,,풍납토성 경당지구,경당 4구역 196호,벽체 목재,건물지,-,한국지질자원연구원,KR 08-310,Charcoal,1730,40,"한신대학교박물관, 2011, 풍납토성Ⅻ - 경당지구 196호 유구에 대한 보고 -"
92,,,풍납토성 동성벽(학제),동성벽(학제),초축 지정공사,성벽,PN2011-01,Beta Analytic,BETA-306898,Wood,1770,30,"국립문화재연구소, 2014, 풍납토성ⅩⅥ - 성벽의 축조공법 및 연대 규명을 위한 학제간 융합연구 -"
93,,,풍납토성 동성벽(학제),동성벽(학제),초축 지정공사,성벽,PN2011-01,University of Glasgow,SUERC-36921,Wood,1790,30,"국립문화재연구소, 2014, 풍납토성ⅩⅥ - 성벽의 축조공법 및 연대 규명을 위한 학제간 융합연구 -"
94,,,풍납토성 동성벽(학제),동성벽(학제),초축 지정공사,성벽,PN2011-06,Beta Analytic,BETA-306903,Wood,1730,30,"국립문화재연구소, 2014, 풍납토성ⅩⅥ - 성벽의 축조공법 및 연대 규명을 위한 학제간 융합연구 -"
95,,,풍납토성 동성벽(학제),동성벽(학제),초축 지정공사,성벽,PN2011-06,University of Glasgow,SUERC-36922,Wood,1855,30,"국립문화재연구소, 2014, 풍납토성ⅩⅥ - 성벽의 축조공법 및 연대 규명을 위한 학제간 융합연구 -"
96,,,풍납토성 동성벽(학제),동성벽(학제),초축 지정공사,성벽,PN2011-06-re,University of Glasgow,SUERC-39134,Wood,1730,25,"국립문화재연구소, 2014, 풍납토성ⅩⅥ - 성벽의 축조공법 및 연대 규명을 위한 학제간 융합연구 -"
97,,,풍납토성 동성벽(학제),동성벽(학제),초축 성토공사,성벽,PN2011-02(new),Beta Analytic,BETA-307342,Charcoal,1660,30,"국립문화재연구소, 2014, 풍납토성ⅩⅥ - 성벽의 축조공법 및 연대 규명을 위한 학제간 융합연구 -"
98,,,풍납토성 동성벽(학제),동성벽(학제),초축 성토공사,성벽,PN2011-03,Beta Analytic,BETA-306900,Charcoal,1630,30,"국립문화재연구소, 2014, 풍납토성ⅩⅥ - 성벽의 축조공법 및 연대 규명을 위한 학제간 융합연구 -"
99,,,풍납토성 동성벽(학제),동성벽(학제),초축 성토공사,성벽,PN2011-03,University of Glasgow,SUERC-37213,Charcoal,1710,40,"국립문화재연구소, 2014, 풍납토성ⅩⅥ - 성벽의 축조공법 및 연대 규명을 위한 학제간 융합연구 -"
100,,,풍납토성 동성벽(학제),동성벽(학제),1차 증축,성벽,PN2011-4,Beta Analytic,BETA-306901,Charcoal,1640,30,"국립문화재연구소, 2014, 풍납토성ⅩⅥ - 성벽의 축조공법 및 연대 규명을 위한 학제간 융합연구 -"
101,,,풍납토성 동성벽(학제),동성벽(학제),1차 증축,성벽,PN2011-4,University of Glasgow,SUERC-36922,Charcoal,1740,35,"국립문화재연구소, 2014, 풍납토성ⅩⅥ - 성벽의 축조공법 및 연대 규명을 위한 학제간 융합연구 -"
102,,,풍납토성 동성벽(학제),동성벽(학제),1차 증축,성벽,PN2011-04-re,University of Glasgow,SUERC-37213,Wood,1895,30,"국립문화재연구소, 2014, 풍납토성ⅩⅥ - 성벽의 축조공법 및 연대 규명을 위한 학제간 융합연구 -"
103,,,풍납토성 동성벽(학제),동성벽(학제),보수구간,성벽,PN2011-05,Beta Analytic,BETA-306902,Charcoal,1650,30,"국립문화재연구소, 2014, 풍납토성ⅩⅥ - 성벽의 축조공법 및 연대 규명을 위한 학제간 융합연구 -"
104,,,풍납토성 동성벽(학제),동성벽(학제),보수구간,성벽,PN2011-05,University of Glasgow,SUERC-37331,Charcoal,1760,35,"국립문화재연구소, 2014, 풍납토성ⅩⅥ - 성벽의 축조공법 및 연대 규명을 위한 학제간 융합연구 -"
105,,,풍납토성 동성벽(학제),동성벽(학제),보수구간,성벽,PN2011-05-re,University of Glasgow,SUERC-39130,Charcoal,1720,30,"국립문화재연구소, 2014, 풍납토성ⅩⅥ - 성벽의 축조공법 및 연대 규명을 위한 학제간 융합연구 -"
106,,,풍납토성 태양열주택부지,구상유구,내부토 ,구상유구,PN-16-1,Beta Analytic,BETA-439595,-,1720,30,"국립강화문화재연구소, 2017, 풍납토성ⅩⅧ - (구)태양열주택부지 발굴조사 보고서 -"
107,,,풍납토성 태양열주택부지,구상유구,합 출토지점,구상유구,PN-16-2,Beta Analytic,BETA-439596,-,1730,30,"국립강화문화재연구소, 2017, 풍납토성ⅩⅧ - (구)태양열주택부지 발굴조사 보고서 -"
108,,,풍납토성 태양열주택부지,트렌치 2,자갈다짐층,-,PN-16-3,Beta Analytic,BETA-439597,-,1760,30,"국립강화문화재연구소, 2017, 풍납토성ⅩⅧ - (구)태양열주택부지 발굴조사 보고서 -"
109,,,풍납토성 태양열주택부지,동쪽 확장구간 수혈 내부,,수혈,PN-16-4,Beta Analytic,BETA-439598,-,1700,30,"국립강화문화재연구소, 2017, 풍납토성ⅩⅧ - (구)태양열주택부지 발굴조사 보고서 -"
110,,,풍납동 474-2,Ch3-K,,수혈,-,KIST,KISTAMS 2100140,Charcoal,1683,20,"고려문화재연구원, 2023, 서울 풍납동 474-2번지 유적"
111,,,풍납동 474-2,Ch4-K,,수혈,-,KIST,KISTAMS 2100141,Charcoal,1589,19,"고려문화재연구원, 2023, 서울 풍납동 474-2번지 유적"
112,,,풍납동 281-4,10호 수혈,내부,수혈,-,CAL,-,Charcoal,1780,30,"수도문물연구원, 서울 풍납동 281-4번지 유적"
113,,,방이동 41-2,10호 주거지,바닥,주거지,-,CAL,-,Charcoal,1500,30,"춘추문화유산연구원, 2024, 서울 방이동 41-2번지 유적"
114,,,방이동 41-2,13호 주거지,바닥,주거지,-,CAL,-,Charcoal,1580,30,"춘추문화유산연구원, 2024, 서울 방이동 41-2번지 유적"
115,,,방이동 48,1호 주거지,,주거지,방이-1,CAL,-,Charcoal,1660,40,"한울문화유산연구원, 2024, 서울 방이동 48번지 유적"
116,,,방이동 48,1호 주거지,,주거지,방이-2,CAL,-,Charcoal,1770,40,"한울문화유산연구원, 2024, 서울 방이동 48번지 유적"
117,,,방이동 48,4호 주거지,,주거지,방이-3,CAL,-,Charcoal,1720,40,"한울문화유산연구원, 2024, 서울 방이동 48번지 유적"
118,,,방이동 48,6호 주거지,,주거지,방이-4,CAL,-,Charcoal,1800,40,"한울문화유산연구원, 2024, 서울 방이동 48번지 유적"
119,,,암사동 193,2지점 백제 20호 수혈,,수혈,암사-6,한국지질자원연구원,KGM-OWd190697,-,1340,30,"한울문화재연구원, 2021, 서울 암사동 193번지 유적"
120,,,암사동 193,2지점 시기미상 37호 수혈,,수혈,암사-7,한국지질자원연구원,KGM-OWd190698,-,1330,30,"한울문화재연구원, 2021, 서울 암사동 193번지 유적"
121,,,암사동 193,1지점 시기미상 42호 주거지,,주거지,암사-9,한국지질자원연구원,KGM-OWd190700,-,1430,30,"한울문화재연구원, 2021, 서울 암사동 193번지 유적"
122,,,천호동 458-3,6호 주거지,,주거지,-,Radpion,RPC190097,Charcoal,1700,40,"비전문화유산연구원, 2021, 서울 천호동 458-3번지 유적"
123,,,천호동 328-9,주거지,내부,주거지,시료 1,CAL,CWd231159,Charcoal,1690,30,"수도문물연구원,, 2024, 천호동 328-9번지 유적"
124,,,몽촌토성 북문지 내측(2013-2014),통일신라 4호 주거지,1,주거지,몽촌-14-1,서울대학교 기초과학공동기기원,SNU 14-046,Charcoal,1320,40,"한성백제박물관, 2016, 몽촌토성Ⅰ"
125,,,몽촌토성 북문지 내측(2013-2014),통일신라 4호 주거지,2,주거지,몽촌-14-2,서울대학교 기초과학공동기기원,SNU 14-147,Charcoal,1250,60,"한성백제박물관, 2016, 몽촌토성Ⅰ"
126,,,몽촌토성 북문지 내측(2013-2014),통일신라 1호 주거지,기둥 내(흙 포함),주거지,몽촌-14-3,한국지질자원연구원,KGM-OWd150388,Charcoal,1670,30,"한성백제박물관, 2016, 몽촌토성Ⅰ"
127,,,몽촌토성 북문지 내측(2013-2014),통일신라 5호 주거지,"2, 구들 바닥(17.02m)(흙 포함)",주거지,몽촌-14-4,한국지질자원연구원,KMG-OWd150389,Charcoal,1590,30,"한성백제박물관, 2016, 몽촌토성Ⅰ"
128,,,몽촌토성 북문지 내측(2013-2014),통일신라 8호 주거지,바닥(흙 포함),주거지,몽촌-14-5,한국지질자원연구원,KGM-OWd150390,Charcoal,1260,30,"한성백제박물관, 2016, 몽촌토성Ⅰ"
129,,,몽촌토성 북문지 내측(2013-2014),통일신라 10호 주거지,"2, 5 기둥구멍 내(흙 포함)",주거지,몽촌-14-6,한국지질자원연구원,KGM-OWd150391,Charcoal,1560,40,"한성백제박물관, 2016, 몽촌토성Ⅰ"
130,,,몽촌토성 북문지 내측(2013-2014),통일신라 11호 주거지,"1, 바닥(흙 포함)",주거지,몽촌-14-7,한국지질자원연구원,KGM-OWd150392,Charcoal,1280,30,"한성백제박물관, 2016, 몽촌토성Ⅰ"
131,,,몽촌토성 북문지 내측(2013-2014),통일신라 13호 주거지,구들 바닥(흙 포함),주거지,몽촌-14-8,한국지질자원연구원,KGM-OWd150393,Charcoal,1520,30,"한성백제박물관, 2016, 몽촌토성Ⅰ"
132,,,몽촌토성 북문지 내측(2013-2014),통일신라 14호 주거지,바닥(흙 포함),주거지,몽촌-14-9,한국지질자원연구원,KGM-OWd150394,Charcoal,1360,50,"한성백제박물관, 2016, 몽촌토성Ⅰ"
133,,,몽촌토성 북문지 내측(2013-2014),통일신라 16호 주거지,"2, 구들(흙, 호일 포함)",주거지,몽촌-14-10,한국지질자원연구원,KGM-OWd150395,Charcoal,1300,30,"한성백제박물관, 2016, 몽촌토성Ⅰ"
134,,,몽촌토성 북문지 내측(2013-2014),삼국시대 수혈,"1, 바닥(흙 포함)",수혈,몽촌-14-12,한국지질자원연구원,KGM-OWd150397,Charcoal,1570,30,"한성백제박물관, 2016, 몽촌토성Ⅰ"
135,,,몽촌토성 북문지 내측(2013-2014),삼국시대 구상유구,"1, 바닥(흙 포함)",구상유구,몽촌-14-13,한국지질자원연구원,KGM-OWd150398,Charcoal,1640,30,"한성백제박물관, 2016, 몽촌토성Ⅰ"
136,,,몽촌토성 북문지 내측(2013-2014),통일신라 17호 주거지,둑 제거중(흙 포함),주거지,몽촌-14-14,한국지질자원연구원,KGM-OWd150399,Charcoal,1610,30,"한성백제박물관, 2016, 몽촌토성Ⅰ"
137,,,몽촌토성 북서벽 구 목책 설치구간,성벽,1pit 바닥 채취,성벽,몽촌-14-17,한국지질자원연구원,KGM-OWd150402,Charcoal,1550,30,"한성백제박물관, 2016, 몽촌토성Ⅰ"
138,,,몽촌토성 북서벽 구 목책 설치구간,수혈,수혈 바닥 채취,수혈,몽촌-14-18,한국지질자원연구원,KGM-OWd150403,Charcoal,1600,40,"한성백제박물관, 2016, 몽촌토성Ⅰ"
139,,,몽촌토성 북문지 일원(통일신라시대),19호 주거지,,주거지,몽촌-15-2,한국지질자원연구원,KGM-OWd150686,Charcoal,1590,30,"한성백제박물관, 2019, 몽촌토성Ⅲ"
140,,,몽촌토성 북문지 일원(통일신라시대),20호 주거지,생활면,주거지,몽촌-15-3,한국지질자원연구원,KGM-OWd150687,Charcoal,1300,40,"한성백제박물관, 2019, 몽촌토성Ⅲ"
141,,,몽촌토성 북문지 일원(통일신라시대),20호 주거지,아궁이,주거지,몽촌-15-4,한국지질자원연구원,KGM-OWd150688,Charcoal,1320,30,"한성백제박물관, 2019, 몽촌토성Ⅲ"
142,,,몽촌토성 북문지 일원(통일신라시대),26호 주거지,재층(내부토),주거지,몽촌-15-5,한국지질자원연구원,KGM-OWd150689,Charcoal,1480,50,"한성백제박물관, 2019, 몽촌토성Ⅲ"
143,,,몽촌토성 북문지 일원(통일신라시대),27호 주거지,생활면,주거지,몽촌-15-6,한국지질자원연구원,KGM-OWd150690,Charcoal,1700,40,"한성백제박물관, 2019, 몽촌토성Ⅲ"
144,,,몽촌토성 북문지 일원(통일신라시대),27호 주거지,아궁이,주거지,몽촌-15-7,한국지질자원연구원,KGM-OWd150691,Charcoal,1590,30,"한성백제박물관, 2019, 몽촌토성Ⅲ"
145,,,몽촌토성 북문지 일원(통일신라시대),28호 주거지,생활면,주거지,몽촌-15-8,한국지질자원연구원,KGM-OWd150692,Charcoal,1290,40,"한성백제박물관, 2019, 몽촌토성Ⅲ"
146,,,몽촌토성 북문지 일원(통일신라시대),주혈군 B군,,주혈,몽촌-15-13,한국지질자원연구원,KGM-OWd160101,Charcoal,1770,40,"한성백제박물관, 2019, 몽촌토성Ⅲ"
147,,,몽촌토성 북문지 일원(통일신라시대),3호 수혈,바닥 재층,수혈,몽촌-15-22,한국지질자원연구원,KGM-OWd160110,Charcoal,1670,30,"한성백제박물관, 2019, 몽촌토성Ⅲ"
148,,,몽촌토성 북문지 일원(통일신라시대),2지구 주혈군,바닥,주혈,몽촌-15-23,한국지질자원연구원,KGM-OWd160111,Charcoal,1640,30,"한성백제박물관, 2019, 몽촌토성Ⅲ"
149,,,몽촌토성 북문지 일원(통일신라시대),2지구 우물,우물 바닥면 재층,우물,몽촌-15-24,한국지질자원연구원,KGM-OWd160112,Charcoal,1380,30,"한성백제박물관, 2019, 몽촌토성Ⅲ"
150,,,몽촌토성 북문지 일원(통일신라시대),2지구 1호 수혈,생활면,수혈,몽촌-18-04,Radpion,RPC-190055,Charcoal,1770,40,"한성백제박물관, 2019, 몽촌토성Ⅲ"
151,,,몽촌토성 북문지 일원(삼국시대 1),I-2호 수혈,바닥,수혈,몽촌-14-13,한국지질자원연구원,KGM-OWd150398,Charcoal,1640,30,"한성백제박물관, 2021, 몽촌토성Ⅳ"
152,,,몽촌토성 북문지 일원(삼국시대 1),I-5호 수혈,바닥 재층,수혈,몽촌15-15,한국지질자원연구원,KGM-OWd160103,Charcoal,1610,30,"한성백제박물관, 2021, 몽촌토성Ⅳ"
153,,,몽촌토성 북문지 일원(삼국시대 1),I-6호 수혈,바닥 재층,수혈,몽촌-15-16,한국지질자원연구원,KGM-OWd160104,Charcoal,1590,30,"한성백제박물관, 2021, 몽촌토성Ⅳ"
154,,,몽촌토성 북문지 일원(삼국시대 1),I-6호 수혈,,수혈,몽촌-16-16,한국지질자원연구원,KGM-OWd170052,Charcoal,1560,30,"한성백제박물관, 2021, 몽촌토성Ⅳ"
155,,,몽촌토성 북문지 일원(삼국시대 1),I-6호 수혈,재층(초본류),수혈,몽촌-16-17,한국지질자원연구원,KGM-OWd170053,Charcoal,1780,30,"한성백제박물관, 2021, 몽촌토성Ⅳ"
156,,,몽촌토성 북문지 일원(삼국시대 1),I-7호 수혈,바닥 재층,수혈,몽촌-15-17,한국지질자원연구원,KGM-OWd160105,Charcoal,1650,30,"한성백제박물관, 2021, 몽촌토성Ⅳ"
157,,,몽촌토성 북문지 일원(삼국시대 1),I-7호 수혈,황갈색 점토 상면 부뚜막 좌측,수혈,몽촌-16-18,한국지질자원연구원,KGM-OWd170054,Charcoal,1650,30,"한성백제박물관, 2021, 몽촌토성Ⅳ"
158,,,몽촌토성 북문지 일원(삼국시대 1),I-7호 수혈,바닥면 회색점토 내 부뚜막 우측,수혈,몽촌-16-19,한국지질자원연구원,KGM-OWd170055,Charcoal,1580,30,"한성백제박물관, 2021, 몽촌토성Ⅳ"
159,,,몽촌토성 북문지 일원(삼국시대 1),I-7호 수혈,,수혈,몽촌-16-20,한국지질자원연구원,KGM-OWd170056,Charcoal,1560,30,"한성백제박물관, 2021, 몽촌토성Ⅳ"
160,,,몽촌토성 북문지 일원(삼국시대 1),I-7호 수혈,,수혈,몽촌-17-03,Radpion,RPC-180172,Charcoal,1520,30,"한성백제박물관, 2021, 몽촌토성Ⅳ"
161,,,몽촌토성 북문지 일원(삼국시대 1),I-14호 수혈,재층 상단(바로 위층),수혈,몽촌-16-23,한국지질자원연구원,KGM-OWd170059,Charcoal,1530,30,"한성백제박물관, 2021, 몽촌토성Ⅳ"
162,,,몽촌토성 북문지 일원(삼국시대 1),I-14호 수혈,생활면,수혈,몽촌-16-24,한국지질자원연구원,KGM-OWd170060,Charcoal,1570,30,"한성백제박물관, 2021, 몽촌토성Ⅳ"
163,,,몽촌토성 북문지 일원(삼국시대 1),I-14호 수혈,추정 고래 아궁이,수혈,몽촌-16-31,한국지질자원연구원,KGM-OWd170067,Charcoal,1600,30,"한성백제박물관, 2021, 몽촌토성Ⅳ"
164,,,몽촌토성 북문지 일원(삼국시대 1),I-14호 수혈,,수혈,몽촌-17-15,Radpion,RPC-180179,Charcoal,1540,30,"한성백제박물관, 2021, 몽촌토성Ⅳ"
165,,,몽촌토성 북문지 일원(삼국시대 1),I-15호 수혈,,수혈,몽촌-16-25,한국지질자원연구원,KGM-OWd170061,Charcoal,1720,30,"한성백제박물관, 2021, 몽촌토성Ⅳ"
166,,,몽촌토성 북문지 일원(삼국시대 1),I-15호 수혈,,수혈,몽촌-16-26,한국지질자원연구원,KGM-OWd170062,Charcoal,1650,30,"한성백제박물관, 2021, 몽촌토성Ⅳ"
167,,,몽촌토성 북문지 일원(삼국시대 1),I-16호 수혈,,수혈,몽촌-16-27,한국지질자원연구원,KGM-OWd170063,Charcoal,1630,30,"한성백제박물관, 2021, 몽촌토성Ⅳ"
168,,,몽촌토성 북문지 일원(삼국시대 1),I-25호 수혈,,수혈,몽촌-18-10,Radpion,RPC-190060,Charcoal,1630,40,"한성백제박물관, 2021, 몽촌토성Ⅳ"
169,,,몽촌토성 북문지 일원(삼국시대 1),I-26호 수혈,,수혈,몽촌-17-24,Radpion,RPC-180184,Charcoal,1620,30,"한성백제박물관, 2021, 몽촌토성Ⅳ"
170,,,몽촌토성 북문지 일원(삼국시대 1),I-27호 수혈,소결면,수혈,몽촌-16-28,한국지질자원연구원,KGM-OWd170064,Charcoal,1610,30,"한성백제박물관, 2021, 몽촌토성Ⅳ"
171,,,몽촌토성 북문지 일원(삼국시대 1),I-27호 수혈,소결면 집석부 내부,수혈,몽촌-16-29,한국지질자원연구원,KGM-OWd170065,Charcoal,1600,30,"한성백제박물관, 2021, 몽촌토성Ⅳ"
172,,,몽촌토성 북문지 일원(삼국시대 1),I-27호 수혈,생활면,수혈,몽촌-16-30,한국지질자원연구원,KGM-OWd170066,Charcoal,1660,30,"한성백제박물관, 2021, 몽촌토성Ⅳ"
173,,,몽촌토성 북문지 일원(삼국시대 1),I-30호 수혈,,수혈,몽촌-18-01,Radpion,RPC-180185,Charcoal,1640,30,"한성백제박물관, 2021, 몽촌토성Ⅳ"
174,,,몽촌토성 북문지 일원(삼국시대 1),I-32호 수혈,,수혈,몽촌-18-08,Radpion,RPC-190058,Charcoal,1620,40,"한성백제박물관, 2021, 몽촌토성Ⅳ"
175,,,몽촌토성 북문지 일원(삼국시대 1),I-33호 수혈,,수혈,몽촌-16-21,한국지질자원연구원,KGM-OWd170057,Charcoal,1720,30,"한성백제박물관, 2021, 몽촌토성Ⅳ"
176,,,몽촌토성 북문지 일원(삼국시대 1),I-33호 수혈,바닥,수혈,몽촌-16-22,한국지질자원연구원,KGM-OWd170058,Charcoal,1530,30,"한성백제박물관, 2021, 몽촌토성Ⅳ"
177,,,몽촌토성 북문지 일원(삼국시대 1),I-9호 수혈,바닥 재층,수혈,몽촌-15-18,한국지질자원연구원,KGM-OWd160106,Charcoal,1710,30,"한성백제박물관, 2021, 몽촌토성Ⅳ"
178,,,몽촌토성 북문지 일원(삼국시대 1),I-11호 수혈,바닥,수혈,몽촌-15-19,한국지질자원연구원,KGM-OWd160107,Charcoal,1670,30,"한성백제박물관, 2021, 몽촌토성Ⅳ"
179,,,몽촌토성 북문지 일원(삼국시대 1),I-12호 수혈,바닥,수혈,몽촌-15-20,한국지질자원연구원,KGM-OWd160108,Charcoal,1760,30,"한성백제박물관, 2021, 몽촌토성Ⅳ"
180,,,몽촌토성 북문지 일원(삼국시대 1),I-31호 수혈,,수혈,몽촌-18-02,Radpion,RPC-180186,Charcoal,1630,30,"한성백제박물관, 2021, 몽촌토성Ⅳ"
181,,,몽촌토성 북문지 일원(삼국시대 1),I-31호 수혈,,수혈,몽촌-18-07,Radpion,RPC-190057,Charcoal,1620,40,"한성백제박물관, 2021, 몽촌토성Ⅳ"
182,,,몽촌토성 북문지 일원(삼국시대 1),백제 2호 주거지,,주거지,몽촌-17-11,Radpion,RPC-180177,Charcoal,1620,30,"한성백제박물관, 2021, 몽촌토성Ⅳ"
183,,,몽촌토성 북문지 일원(삼국시대 2),백제 생활면,I-5∼6호수혈 남서측 백제 생활면,-,몽촌-15-14,한국지질자원연구원,KGM-OWd160102,Charcoal,1650,30,"한성백제박물관, 2023, 몽촌토성Ⅴ"
184,,,몽촌토성 북문지 일원(삼국시대 2),I-1호 벽주 건물지,벽구 북서쪽,건물지,몽촌-17-21,Radpion,RPC-180181,Charcoal,1550,30,"한성백제박물관, 2023, 몽촌토성Ⅴ"
185,,,몽촌토성 북문지 일원(삼국시대 2),고구려 문화층,성토대지 성토층(NW18NE13) 그리드남측 둑 제거 중 상부,-,몽촌-17-23,Radpion,RPC-180183,Charcoal,1660,30,"한성백제박물관, 2023, 몽촌토성Ⅴ"
186,,,몽촌토성 북문지 일원(삼국시대 2),고구려 문화층,성토대지 성토층(NW19NE13),-,몽촌-18-3,Radpion,RPC-190054,Charcoal,1540,30,"한성백제박물관, 2023, 몽촌토성Ⅴ"
187,,,몽촌토성 북문지 일원(삼국시대 2),I-2호 벽주 건물지,8번 주혈,건물지,몽촌-18-5,Radpion,RPC-190056,Charcoal,1590,40,"한성백제박물관, 2023, 몽촌토성Ⅴ"
188,,,몽촌토성 북문지 일원(삼국시대 3),성내순환도로,성내순환도로 하부,도로,120170365-011-00,한국지질자원연구원,KGM-OWd170047,Charcoal,1770,30,"한성백제박물관, 2024, 몽촌토성Ⅵ"
189,,,몽촌토성 북문지 일원(삼국시대 3),성내순환도로,성내순환도로 하부,도로,120170365-013-00,한국지질자원연구원,KGM-OWd170050,Charcoal,1680,30,"한성백제박물관, 2024, 몽촌토성Ⅵ"
190,,,몽촌토성 북문지 일원(삼국시대 3),1호 동서도로 측구,1호 동서도로 측구 내 목탄층,도로,120170365-014-00,한국지질자원연구원,KGM-OWd170051,Charcoal,1640,40,"한성백제박물관, 2024, 몽촌토성Ⅵ"
191,,,몽촌토성 북문지 일원(삼국시대 3),1호 동서도로 측구,1호 동서도로 측구 내 목탄층,도로,120170365-015-00,한국지질자원연구원,-,Charcoal,1630,30,"한성백제박물관, 2024, 몽촌토성Ⅵ"
192,,,몽촌토성 북문지 일원(삼국시대 3),백제 개축도로 1호 동서도로 노면,NW16NE12 Pit 14 백제 개축도로 1호 동서도로 노면 상면 재층,도로,-,Radpion,RPC-180182,Charcoal,1660,30,"한성백제박물관, 2024, 몽촌토성Ⅵ"
193,,,신천동 20-4,1구역 2호 주거지,1,주거지,-,Radpion,RPC-220282,Charcoal,1690,40,"도원문화재연구원, 2024, 서울 신천동 20-4번지 유적"
194,,,신천동 20-4,1구역 2호 주거지,2,주거지,-,Radpion,RPC-220283,Charcoal,1730,30,"도원문화재연구원, 2024, 서울 신천동 20-4번지 유적"
195,,,신천동 20-4,1구역 2호 주거지,3,주거지,-,Radpion,RPC-220284,Charcoal,1730,30,"도원문화재연구원, 2024, 서울 신천동 20-4번지 유적"
196,,,신천동 20-4,1구역 2호 주거지,4,주거지,-,Radpion,RPC-220285,Charcoal,1730,30,"도원문화재연구원, 2024, 서울 신천동 20-4번지 유적"
197,,,신천동 20-4,2구역 3호 주거지,,주거지,-,Radpion,RPC-220286,Charcoal,1730,30,"도원문화재연구원, 2024, 서울 신천동 20-4번지 유적"
198,,,신천동 20-4,2구역 4호 수혈,,수혈,-,Radpion,RPC-220287,Charcoal,1680,30,"도원문화재연구원, 2024, 서울 신천동 20-4번지 유적"
199,,,신천동 20-4,2구역 10호 수혈,,수혈,-,Radpion,RPC-220288,Charcoal,1760,30,"도원문화재연구원, 2024, 서울 신천동 20-4번지 유적"
200,,,신천동 20-4,2구역 11호 수혈,,수혈,-,Radpion,RPC-220289,Charcoal,1720,40,"도원문화재연구원, 2024, 서울 신천동 20-4번지 유적"
201,,,신천동 20-4,2구역 12호 수혈,,수혈,-,Radpion,RPC-220290,Charcoal,1650,40,"도원문화재연구원, 2024, 서울 신천동 20-4번지 유적"
202,,,신천동 20-4,6구역 1호 주거지,,주거지,-,Radpion,RPC-220291,Charcoal,1780,30,"도원문화재연구원, 2024, 서울 신천동 20-4번지 유적"
203,,,신천동 20-4,6구역 3호 주거지,,주거지,-,Radpion,RPC-220292,Charcoal,1680,30,"도원문화재연구원, 2024, 서울 신천동 20-4번지 유적"
204,,,신천동 20-4,7구역 7호 주거지,1,주거지,-,Radpion,RPC-220293,Charcoal,1710,40,"도원문화재연구원, 2024, 서울 신천동 20-4번지 유적"
205,,,신천동 20-4,7구역 7호 주거지,2,주거지,-,Radpion,RPC-220294,Charcoal,1700,40,"도원문화재연구원, 2024, 서울 신천동 20-4번지 유적"
206,,,신천동 20-4,7구역 7호 주거지,3,주거지,-,Radpion,RPC-220295,Charcoal,1740,40,"도원문화재연구원, 2024, 서울 신천동 20-4번지 유적"
207,,,신천동 20-4,7구역 7호 주거지,4,주거지,-,Radpion,RPC-220296,Charcoal,1730,30,"도원문화재연구원, 2024, 서울 신천동 20-4번지 유적"
208,,,신천동 20-4,7구역 7호 주거지,5,주거지,-,Radpion,RPC-220297,Charcoal,1720,30,"도원문화재연구원, 2024, 서울 신천동 20-4번지 유적"
209,,,신천동 20-4,7구역 13호 주거지,1,주거지,-,Radpion,RPC-220298,Charcoal,1680,30,"도원문화재연구원, 2024, 서울 신천동 20-4번지 유적"
210,,,신천동 20-4,7구역 13호 주거지,2,주거지,-,Radpion,RPC-220299,Charcoal,1650,40,"도원문화재연구원, 2024, 서울 신천동 20-4번지 유적"
211,,,신천동 20-4,7구역 21호 주거지,1,주거지,-,Radpion,RPC-220300,Charcoal,1740,40,"도원문화재연구원, 2024, 서울 신천동 20-4번지 유적"
212,,,신천동 20-4,7구역 21호 주거지,2,주거지,-,Radpion,RPC-220301,Charcoal,3000,40,"도원문화재연구원, 2024, 서울 신천동 20-4번지 유적"
213,,,신천동 20-4,7구역 22호 주거지,1,주거지,-,Radpion,RPC-220302,Charcoal,1730,40,"도원문화재연구원, 2024, 서울 신천동 20-4번지 유적"
214,,,신천동 20-4,7구역 22호 주거지,2,주거지,-,Radpion,RPC-220303,Charcoal,1760,30,"도원문화재연구원, 2024, 서울 신천동 20-4번지 유적"
215,,,신천동 20-4,7구역 22호 주거지,3,주거지,-,Radpion,RPC-220304,Charcoal,1740,30,"도원문화재연구원, 2024, 서울 신천동 20-4번지 유적"
216,,,신천동 20-4,7구역 22호 주거지,4,주거지,-,Radpion,RPC-220305,Charcoal,1720,40,"도원문화재연구원, 2024, 서울 신천동 20-4번지 유적"
217,,,신천동 20-4,7구역 22호 주거지,5,주거지,-,Radpion,RPC-220306,Charcoal,1750,30,"도원문화재연구원, 2024, 서울 신천동 20-4번지 유적"
218,,,신천동 20-4,7구역 30호 주거지,,주거지,-,Radpion,RPC-220307,Charcoal,1690,40,"도원문화재연구원, 2024, 서울 신천동 20-4번지 유적"
219,,,신천동 20-4,7구역 32호 주거지,1,주거지,-,Radpion,RPC-220308,Charcoal,1770,40,"도원문화재연구원, 2024, 서울 신천동 20-4번지 유적"
220,,,신천동 20-4,7구역 32호 주거지,2,주거지,-,Radpion,RPC-220309,Charcoal,1710,40,"도원문화재연구원, 2024, 서울 신천동 20-4번지 유적"
221,,,신천동 20-4,7구역 32호 주거지,3,주거지,-,Radpion,RPC-220310,Charcoal,1740,30,"도원문화재연구원, 2024, 서울 신천동 20-4번지 유적"
222,,,신천동 20-4,7구역 37호 주거지,1,주거지,-,Radpion,RPC-220311,Charcoal,1680,40,"도원문화재연구원, 2024, 서울 신천동 20-4번지 유적"
223,,,신천동 20-4,7구역 37호 주거지,2,주거지,-,Radpion,RPC-220312,Charcoal,1740,30,"도원문화재연구원, 2024, 서울 신천동 20-4번지 유적"
224,,,신천동 20-4,7구역 37호 주거지,3,주거지,-,Radpion,RPC-220313,Charcoal,1720,30,"도원문화재연구원, 2024, 서울 신천동 20-4번지 유적"
225,,,신천동 20-4,7구역 138호 주거지,,주거지,-,Radpion,RPC-220314,Charcoal,1640,30,"도원문화재연구원, 2024, 서울 신천동 20-4번지 유적"
226,,,신천동 20-4,8구역 4호 주거지,,주거지,-,Radpion,RPC-220315,Charcoal,1750,30,"도원문화재연구원, 2024, 서울 신천동 20-4번지 유적"
227,,,풍납토성 서성벽,-,,-,-,Beta Analytic,Beta-479855,Charcoal,120,30,서성벽 보고 예정
228,,,풍납토성 서성벽,-,,-,-,Beta Analytic,Beta-479856,Plant,4350,30,서성벽 보고 예정
229,,,풍납토성 서성벽,-,,-,-,Beta Analytic,Beta-479857,Plant,3990,30,서성벽 보고 예정
231,,,풍납토성 서성벽,-,,-,-,Beta Analytic,Beta-479859,Charcoal,170,30,서성벽 보고 예정
232,,,풍납토성 서성벽,-,,-,-,Beta Analytic,Beta-479860,Charcoal,1800,30,서성벽 보고 예정
233,,,풍납토성 서성벽,다구역 문지,부석렬 하부 퇴적층,성벽,PN-17-1,Beta Analytic,Beta-481718,Charcoal,1790,30,서성벽 보고 예정
234,,,풍납토성 서성벽,다구역 문지,부석렬 하부 구상유구,성벽,PN-17-2,Beta Analytic,Beta-481719,Charcoal,1780,30,서성벽 보고 예정
235,,,풍납토성 서성벽,다구역 문지,단절면 서편(추정) 야외노지,성벽,PN-17-3,Beta Analytic,Beta-481720,Charcoal,1730,30,서성벽 보고 예정
236,,,풍납토성 서성벽,다구역 문지,상부 토층,성벽,PN-17-4,Beta Analytic,Beta-481721,Charcoal,1700,30,서성벽 보고 예정
237,,,풍납토성 서성벽,가구역 기준 트렌치,성벽부 기저부 확인 피트,성벽,PN-18-1,Beta Analytic,Beta-508490,Charcoal,1740,30,서성벽 보고 예정
238,,,풍납토성 서성벽,가구역 기준 트렌치,성벽부 모래층 바닥,성벽,PN-18-2,Beta Analytic,Beta-508491,Charcoal,1680,30,서성벽 보고 예정
239,,,풍납토성 서성벽,가구역 기준 트렌치,성벽부 모래층 바닥,성벽,PN-18-3,Beta Analytic,Beta-508492,Charcoal,1780,30,서성벽 보고 예정
240,,,풍납토성 서성벽,다구역 문지,내부(추정) 노면 상층,성벽,PN-18-4,Beta Analytic,Beta-508493,Charcoal,1720,30,서성벽 보고 예정
241,,,풍납토성 서성벽,다구역 성벽 2토루,서성벽 2토루 최상면,성벽,PN-20-1,Beta Analytic,Beta-566358,Bone,390,30,서성벽 보고 예정
242,,,풍납토성 서성벽,-,서성벽 1토루 하단,성벽,PN-20-3,Beta Analytic,Beta-566360,Wood,3050,30,서성벽 보고 예정
243,,,풍납토성 서성벽,-,서성벽 2토루 하단,성벽,PN-20-4,Beta Analytic,Beta-566361,Wood,3060,30,서성벽 보고 예정
244,,,풍납토성 서성벽,-,서성벽 3토루 하단,성벽,PN-20-5,Beta Analytic,Beta-566362,Wood,3080,30,서성벽 보고 예정
245,,,풍납토성 서성벽,가구역 기준 트렌치,성벽 1토루 상면 갈색점토층 상단,성벽,PN-20-6,Beta Analytic,Beta-566363,Charcoal,1760,30,서성벽 보고 예정
246,,,풍납토성 서성벽,가구역 기준 트렌치,성벽1토루 상면 갈색점토층 상단,성벽,PN-20-7,Beta Analytic,Beta-566364,Charcoal,1710,30,서성벽 보고 예정
247,,,풍납토성 서성벽,가구역 기준 트렌치,북쪽 유기물층,성벽,PN-21-1,Beta Analytic,Beta-601094,Wood,1710,30,서성벽 보고 예정
248,,,풍납토성 서성벽,가구역 기준 트렌치,북쪽 유기물층,성벽,PN-21-1,PaleoLabo,PLD-44453,Wood,1795,15,서성벽 보고 예정
249,,,풍납토성 서성벽,나구역 7번 트렌치,내벽마감석축 하단부 목탄층,성벽,PN-21-2,Beta Analytic,Beta-601095,Charcoal,1530,30,서성벽 보고 예정
250,,,풍납토성 서성벽,나구역 7번 트렌치,내벽마감석축 하단부 목탄층,성벽,PN-21-2,PaleoLabo,PLD-44454,Charcoal,1610,15,서성벽 보고 예정
251,,,풍납토성 서성벽,나구역 5번 트렌치,남벽 토층 65번층,성벽,PN-21-3,Beta Analytic,Beta-601096,Charcoal,1780,30,서성벽 보고 예정
252,,,풍납토성 서성벽,나구역 5번 트렌치,남벽 토층 65번층,성벽,PN-21-3,PaleoLabo,PLD-44455,Charcoal,1735,15,서성벽 보고 예정
253,,,풍납토성 서성벽,가구역 2번 트렌치,1차 하강중,성벽,PN-21-4,Beta Analytic,Beta-601097,Charcoal,1690,30,서성벽 보고 예정
254,,,풍납토성 서성벽,가구역 2번 트렌치,1차 하강중,성벽,PN-21-4,PaleoLabo,PLD-44456,Charcoal,1720,15,서성벽 보고 예정
255,,,풍납토성 서성벽,가구역 2번 트렌치,4차 하강 중 북벽토층 경계 왼쪽 출토,성벽,PN-21-5,PaleoLabo,PLD-44457,Seed,1750,15,서성벽 보고 예정
256,,,풍납토성 서성벽,가구역 구상유구,내부,성벽,PN-21-6,Beta Analytic,Beta-601098,Charcoal,1690,30,서성벽 보고 예정
257,,,풍납토성 서성벽,가구역 구상유구,내부,성벽,PN-21-6,PaleoLabo,PLD-44458,Charcoal,1745,15,서성벽 보고 예정
258,,,풍납토성 서성벽,가구역 기준 트렌치,성벽 3토루 하단 토기매납 굴광 내,성벽,PN-21-7,Beta Analytic,Beta-642190,Charcoal,2070,30,서성벽 보고 예정
259,,,풍납토성 서성벽,가구역 기준 트렌치,성벽 3토루 하단 토기매납 굴광 내,성벽,PN-21-7,PaleoLabo,PLD-47921,Charcoal,1845,20,서성벽 보고 예정
260,,,풍납토성 서성벽,가구역 기준 트렌치,성벽 3토루 하단 토기매납 굴광 내 토기 내부토 추정뼈조각,성벽,PN-21-8,Beta Analytic,Beta-642191,Bone,1780,30,서성벽 보고 예정
261,,,풍납토성 서성벽,가구역 기준 트렌치,"성벽 1, 2토루 하단부 모래층",성벽,PN-21-9,Beta Analytic,Beta-642192,Charcoal,1860,30,서성벽 보고 예정
262,,,풍납토성 서성벽,가구역 기준 트렌치,"성벽 1, 2토루 하단부 모래층",성벽,PN-21-9,PaleoLabo,PLD-47922,Charcoal,1905,15,서성벽 보고 예정
263,,,풍납토성 서성벽,가구역 기준 트렌치,성벽 3토루 하단부 부엽층,성벽,PN-21-10,Beta Analytic,Beta-642193,Wood,1730,30,서성벽 보고 예정
264,,,풍납토성 서성벽,가구역 기준 트렌치,성벽 3토루 하단부 부엽층,성벽,PN-21-10,PaleoLabo,PLD-47923,Wood,1715,20,서성벽 보고 예정
265,,,풍납토성 서성벽,가구역 기준 트렌치,성벽 기저부 남벽 1토루 하단 자연층,성벽,PN-21-11,Beta Analytic,Beta-642194,Charcoal,1740,30,서성벽 보고 예정
266,,,풍납토성 서성벽,가구역 기준 트렌치,성벽 기저부 남벽 1토루 하단 자연층,성벽,PN-21-11,PaleoLabo,PLD-47924,Charcoal,1785,15,서성벽 보고 예정
267,,,풍납토성 서성벽,가구역 기준 트렌치,"성벽 남벽 2토루 내부, 2토루 마감석렬 하부, 기저부 위",성벽,PN-21-12,Beta Analytic,Beta-642195,Charcoal,1730,30,서성벽 보고 예정
268,,,풍납토성 서성벽,가구역 기준 트렌치,"성벽 남벽 2토루 내부, 2토루 마감석렬 하부, 기저부 위",성벽,PN-21-12,PaleoLabo,PLD-47925,Charcoal,1720,15,서성벽 보고 예정
269,,,풍납토성 서성벽,가구역 기준 트렌치,"성벽 남쪽 관통트렌치 상면, 2토루 내부",성벽,PN-21-13,Beta Analytic,Beta-642196,Charcoal,1750,30,서성벽 보고 예정
270,,,풍납토성 서성벽,가구역 기준 트렌치,"성벽 남쪽 관통트렌치 상면, 2토루 내부",성벽,PN-21-13,PaleoLabo,PLD-47926,Charcoal,1750,15,서성벽 보고 예정
271,,,풍납토성 서성벽,가구역 기준 트렌치,"성벽 북쪽, 북벽 2단 내벽마감석축 하단 붉은색 층",성벽,PN-21-14,Beta Analytic,Beta-642197,Charcoal,1820,30,서성벽 보고 예정
272,,,풍납토성 서성벽,가구역 기준 트렌치,"성벽 북쪽, 북벽 2단 내벽마감석축 하단 붉은색 층",성벽,PN-21-14,PaleoLabo,PLD-47927,Charcoal,1870,15,서성벽 보고 예정
273,,,풍납토성 서성벽,가구역 기준 트렌치,"성벽 하단 부엽층(?), 내벽마감석축 하단 천석 사이",성벽,PN-21-15,Beta Analytic,Beta-642198,Wood,1640,30,서성벽 보고 예정
274,,,풍납토성 서성벽,가구역 기준 트렌치,"성벽 하단 부엽층(?), 내벽마감석축 하단 천석 사이",성벽,PN-21-15,PaleoLabo,PLD-47928,Wood,1755,20,서성벽 보고 예정
275,,,풍납토성 서성벽,가구역 기준 트렌치,"성벽 북쪽, 관통트렌치 북벽 3단 상면, 3토루 시작부 부엽층 층위",성벽,PN-21-16,Beta Analytic,Beta-642199,Wood,1705,30,서성벽 보고 예정
276,,,풍납토성 서성벽,가구역 기준 트렌치,"성벽 북쪽, 관통트렌치 북벽 3단 상면, 3토루 시작부 부엽층 층위",성벽,PN-21-16,PaleoLabo,PLD-47929,Wood,1755,20,서성벽 보고 예정
277,,,풍납토성 서성벽,가구역 기준 트렌치,"성벽 북쪽, 관통트렌치 북벽1단 북벽토층, 3토루 내부토",성벽,PN-21-17,Beta Analytic,Beta-642200,Charcoal,1760,30,서성벽 보고 예정
278,,,풍납토성 서성벽,가구역 기준 트렌치,"성벽 북쪽, 관통트렌치 북벽1단 북벽토층, 3토루 내부토",성벽,PN-21-17,PaleoLabo,PLD-47930,Charcoal,1735,20,서성벽 보고 예정
279,,,풍납토성 서성벽,가구역 기준 트렌치,"성벽 북쪽, 관통트렌치 북벽토층 2단 상면, 2토루 내부토",성벽,PN-21-18,Beta Analytic,Beta-642201,Charcoal,1710,30,서성벽 보고 예정
280,,,풍납토성 서성벽,가구역 기준 트렌치,"성벽 북쪽, 관통트렌치 북벽토층 2단 상면, 2토루 내부토",성벽,PN-21-18,PaleoLabo,PLD-47931,Charcoal,1735,15,서성벽 보고 예정
281,,,풍납토성 서성벽,가구역 기준 트렌치,"성벽 북쪽, 관통트렌치 북벽토층 3단 상면, 1토루 내부토 (1-2/1-1/1/2/3) 중 1-2토루(가장 서쪽) ",성벽,PN-21-19,Beta Analytic,Beta-642202,Charcoal,1720,30,서성벽 보고 예정
282,,,풍납토성 서성벽,가구역 기준 트렌치,"성벽 북쪽, 관통트렌치 북벽토층 3단 상면, 1토루 내부토 (1-2/1-1/1/2/3) 중 1-2토루(가장 서쪽) ",성벽,PN-21-19,PaleoLabo,PLD-47932,Charcoal,1755,15,서성벽 보고 예정
283,,,풍납토성 서성벽,가구역 기준 트렌치,성벽 북벽토층 1토루(1-2토루) 내부토 판축단위 내부 점토층,성벽,PN-21-20,Beta Analytic,Beta-642203,Charcoal,1740,30,서성벽 보고 예정
284,,,풍납토성 서성벽,가구역 기준 트렌치,성벽 북벽토층 1토루(1-2토루) 내부토 판축단위 내부 점토층,성벽,PN-21-20,PaleoLabo,PLD-47933,Charcoal,1705,15,서성벽 보고 예정
285,,,풍납토성 서성벽,가구역 기준 트렌치,성벽 3토루 하단-부엽층-기저부조성층 관통지정말목 하부 목재 잔존부,성벽,PN-21-21,Beta Analytic,Beta-642204,Wood,1660,30,서성벽 보고 예정
286,,,풍납토성 서성벽,가구역 기준 트렌치,성벽 3토루 하단-부엽층-기저부조성층 관통지정말목 하부 목재 잔존부,성벽,PN-21-21,PaleoLabo,PLD-47934,Wood,1715,15,서성벽 보고 예정
287,,,풍납토성 서성벽,가구역 기준 트렌치,성벽 3토루 하부 부엽층 나무 일괄수습 ,성벽,PN-22-1,Beta Analytic,Beta-642205,Wood,1840,30,서성벽 보고 예정
288,,,풍납토성 서성벽,가구역 기준 트렌치,성벽 3토루 하부 부엽층 나무 일괄수습 ,성벽,PN-22-1,PaleoLabo,PLD-47935,Wood,1880,20,서성벽 보고 예정
289,,,풍납토성 서성벽,가구역 기준 트렌치,성벽 3토루 하단 유기물 층 하강조사 중 ,성벽,PN-22-2,Beta Analytic,Beta-642206,Wood,1750,30,서성벽 보고 예정
290,,,풍납토성 서성벽,가구역 기준 트렌치,성벽 3토루 하단 유기물 층 하강조사 중 ,성벽,PN-22-2,PaleoLabo,PLD-47936,Wood,1745,20,서성벽 보고 예정
291,,,풍납토성 서성벽,가구역 기준 트렌치,성벽 유기물층 내벽마감 석축하단 석렬 피트 조사 중 ,성벽,PN-22-3,Beta Analytic,Beta-642207,Wood,1780,30,서성벽 보고 예정
292,,,풍납토성 서성벽,가구역 기준 트렌치,성벽 유기물층 내벽마감 석축하단 석렬 피트 조사 중 ,성벽,PN-22-3,PaleoLabo,PLD-47937,Wood,1750,20,서성벽 보고 예정
293,,,풍납토성 서성벽,가구역 기준 트렌치,성벽 하부석렬 하강조사,성벽,PN-22-4,Beta Analytic,Beta-642208,Wood,1870,30,서성벽 보고 예정
294,,,풍납토성 서성벽,가구역 기준 트렌치,성벽 하부석렬 하강조사,성벽,PN-22-4,PaleoLabo,PLD-47938,Wood,1790,15,서성벽 보고 예정
295,,,풍납토성 서성벽,나구역 주거지,내부조사 중 아궁이 ,주거지,PN-22-5,Beta Analytic,Beta-642209,Charcoal,1570,30,서성벽 보고 예정
296,,,풍납토성 서성벽,나구역 주거지,내부조사 중 아궁이 ,주거지,PN-22-5,PaleoLabo,PLD-47939,Charcoal,1650,15,서성벽 보고 예정
297,,,풍납토성 서성벽,가구역 기준 트렌치,성벽 하강조사 동편 하단 석렬,성벽,PN-22-6,Beta Analytic,Beta-642210,Wood,1690,30,서성벽 보고 예정
298,,,풍납토성 서성벽,가구역 기준 트렌치,성벽 하강조사 동편 하단 석렬,성벽,PN-22-6,PaleoLabo,PLD-47940,Wood,1715,20,서성벽 보고 예정
299,,,풍납토성 서성벽,가구역 기준 트렌치,성벽 내 유기물층 북벽 하단부 구,성벽,PN-22-7,Beta Analytic,Beta-642211,Wood,1690,30,서성벽 보고 예정
300,,,풍납토성 서성벽,가구역 기준 트렌치,성벽 내 유기물층 북벽 하단부 구,성벽,PN-22-7,PaleoLabo,PLD-47941,Wood,1770,20,서성벽 보고 예정
301,,,풍납토성 서성벽,나구역 5번 트렌치,1토루(1-2토루) 상면,성벽,PN-22-9,Beta Analytic,Beta-642213,Charcoal,1840,30,서성벽 보고 예정
302,,,풍납토성 서성벽,나구역 5번 트렌치,1토루(1-2토루) 상면,성벽,PN-22-9,PaleoLabo,PLD-47943,Charcoal,1860,20,서성벽 보고 예정
303,,,풍납토성 서성벽,가구역 기준 트렌치,성벽 북벽 3토루 내 재층,성벽,PN-22-10,Beta Analytic,Beta-642214,Charcoal,1740,30,서성벽 보고 예정
304,,,풍납토성 서성벽,가구역 기준 트렌치,성벽 북벽 3토루 내 재층,성벽,PN-22-10,PaleoLabo,PLD-47944,Charcoal,1720,15,서성벽 보고 예정
305,,,방이동 고분군,3호분,"봉토부, 동2Tr 원봉분 하부 1m 깊이",분묘,봉토부 1,Radpion,RPC-180032,Charcoal,2730,30,"한성백제박물관, 2019, 방이동고분군 3호분"
306,,,방이동 고분군,3호분,"봉토부, 3호분 서2Tr 불다짐층",분묘,봉토부 2-1,Radpion,RPC-180033,Charcoal,2790,30,"한성백제박물관, 2019, 방이동고분군 3호분"
307,,,방이동 고분군,3호분,"봉토부, 3호분 서2Tr 불다짐층",분묘,봉토부 2-2,Radpion,RPC-180034,Charcoal,2770,30,"한성백제박물관, 2019, 방이동고분군 3호분"
308,,,방이동 고분군,3호분,"봉토부, 3호분 북Tr 불다짐층",분묘,봉토부 3-1,Radpion,RPC-180035,Charcoal,2780,30,"한성백제박물관, 2019, 방이동고분군 3호분"
309,,,방이동 고분군,3호분,"봉토부, 3호분 북Tr 불다짐층",분묘,봉토부 3-2,Radpion,RPC-180036,Charcoal,2860,30,"한성백제박물관, 2019, 방이동고분군 3호분"
310,,,방이동 고분군,3호분,"3호분 내부, 묘도 동-서 피트 내 할석 하부 불다짐 경화면(서벽쪽)",분묘,4,Radpion,RPC-180037,Charcoal,1500,30,"한성백제박물관, 2019, 방이동고분군 3호분"
311,,,방이동 고분군,3호분,"3호분 내부, 묘도 강자갈 부석 하부 바닥(상부 불다짐 경화면)",분묘,5,Radpion,RPC-180038,Charcoal,1490,30,"한성백제박물관, 2019, 방이동고분군 3호분"
312,,,방이동 고분군,3호분,"3호분 내부, 연도입구 동쪽 모서리 바닥",분묘,7,Radpion,RPC-180040,Charcoal,1480,30,"한성백제박물관, 2019, 방이동고분군 3호분"
313,,,방이동 고분군,3호분,"3호분 내부, 현실 바닥 배수로 노출면 불다짐면",분묘,9,Radpion,RPC-180042,Charcoal,1510,30,"한성백제박물관, 2019, 방이동고분군 3호분"
314,,,방이동 고분군,청동기시대 1호 주거지,탄화부재 1,주거지,10,Radpion,RPC-180043,Charcoal,2940,40,"한성백제박물관, 2019, 방이동고분군 3호분"
315,,,방이동 고분군,청동기시대 1호 주거지,탄화부재 2,주거지,11월 1일,Radpion,RPC-180044,Charcoal,2930,40,"한성백제박물관, 2019, 방이동고분군 3호분"
316,,,방이동 고분군,청동기시대 1호 주거지,탄화부재 2,주거지,11월 2일,Radpion,RPC-180045,Charcoal,2920,30,"한성백제박물관, 2019, 방이동고분군 3호분"
317,,,방이동 고분군,삼국시대 백제 1호 주거지,퇴적층 내 북서모서리 부근 호석 하부,주거지,12,Radpion,RPC-180046,Charcoal,1720,30,"한성백제박물관, 2019, 방이동고분군 3호분"
318,,,방이동 고분군,삼국시대 백제 1호 주거지,아궁이 바닥,주거지,1월 13일,Radpion,RPC-180047,Charcoal,1700,30,"한성백제박물관, 2019, 방이동고분군 3호분"
319,,,방이동 고분군,삼국시대 백제 1호 주거지,아궁이 바닥,주거지,2월 13일,Radpion,RPC-180048,Charcoal,1770,30,"한성백제박물관, 2019, 방이동고분군 3호분"
320,,,방이동 고분군,3호분,현실 바닥 1번 개체,분묘,현실바닥 인골 3,Radpion,RPC-180119,Tooth,1590,30,"한성백제박물관, 2019, 방이동고분군 3호분"
321,,,방이동 고분군,3호분,현실 바닥 1번 개체,분묘,현실바닥 인골 4,Radpion,RPC-180122,Bone,1690,30,"한성백제박물관, 2019, 방이동고분군 3호분"
322,,,방이동 고분군,3호분,현실 바닥 1번 개체,분묘,현실바닥 인골 6,Beta Analytic,Beta-503136,Tooth,1470,30,"한성백제박물관, 2019, 방이동고분군 3호분"
323,,,방이동 고분군,3호분,현실 바닥 1번 개체,분묘,현실바닥 인골 9,Beta Analytic,Beta-503137,Tooth,1590,30,"한성백제박물관, 2019, 방이동고분군 3호분"
324,,,방이동 고분군,3호분,현실 바닥 2번 개체,분묘,현실바닥 인골 5,Radpion,RPC-180120,Tooth,1580,30,"한성백제박물관, 2019, 방이동고분군 3호분"
325,,,방이동 고분군,3호분,판단불가,분묘,현실바닥 인골 13,Radpion,RPC-180121,Tooth,1680,30,"한성백제박물관, 2019, 방이동고분군 3호분"
326,,,석촌동 고분군,1호 적석묘,내부 성토층,분묘,-,한국지질자원연구원,KGM-OWd180099,Charcoal,1810,30,"한성백제박물관, 2020, 서울 석촌동 고분군Ⅱ"
327,,,석촌동 고분군,1호 적석묘,동서피트 (3),분묘,-,한국지질자원연구원,KGM-OWd180100,Charcoal,1690,30,"한성백제박물관, 2020, 서울 석촌동 고분군Ⅱ"
328,,,석촌동 고분군,1호 적석묘,동서피르 (6),분묘,-,한국지질자원연구원,KGM-OWd180101,Charcoal,1700,30,"한성백제박물관, 2020, 서울 석촌동 고분군Ⅱ"
329,,,석촌동 고분군,1호 매장의례부,내부 유물 포함층,분묘,-,한국지질자원연구원,KGM-OWd180102,Charcoal,1850,30,"한성백제박물관, 2020, 서울 석촌동 고분군Ⅱ"
330,,,석촌동 고분군,1호 매장의례부,내부 유물 포함층(중층),분묘,-,한국지질자원연구원,KGM-OWd180103,Charcoal,1680,30,"한성백제박물관, 2020, 서울 석촌동 고분군Ⅱ"
331,,,석촌동 고분군,1호 매장의례부,내부 유물 포함층(중층),분묘,-,한국지질자원연구원,KGM-OWd180104,Charcoal,1770,30,"한성백제박물관, 2020, 서울 석촌동 고분군Ⅱ"
332,,,석촌동 고분군,1호 매장의례부,내부 유물 포함층,분묘,-,한국지질자원연구원,KGM-OWd180105,Charcoal,1730,30,"한성백제박물관, 2020, 서울 석촌동 고분군Ⅱ"
333,,,석촌동 고분군,1호 매장의례부,내부 유물 포함층,분묘,-,한국지질자원연구원,KGM-OWd180106,Charcoal,1800,30,"한성백제박물관, 2020, 서울 석촌동 고분군Ⅱ"
334,,,석촌동 고분군,1호 매장의례부,내부 유물 포함층(중층),분묘,-,한국지질자원연구원,KGM-OWd180107,Charcoal,1690,30,"한성백제박물관, 2020, 서울 석촌동 고분군Ⅱ"
335,,,석촌동 고분군,1호 매장의례부,내부 유물 포함층(중층),분묘,-,한국지질자원연구원,KGM-OWd180108,Charcoal,1740,30,"한성백제박물관, 2020, 서울 석촌동 고분군Ⅱ"
336,,,석촌동 고분군,1호 매장의례부,내부 유물 포함층(하층),분묘,-,한국지질자원연구원,KGM-OWd180109,Charcoal,1840,30,"한성백제박물관, 2020, 서울 석촌동 고분군Ⅱ"
337,,,석촌동 고분군,1호 매장의례부,내부 유물 포함층(하층),분묘,-,한국지질자원연구원,KGM-OWd180110,Charcoal,1710,30,"한성백제박물관, 2020, 서울 석촌동 고분군Ⅱ"
338,,,석촌동 고분군,1호 매장의례부,내부 유물 포함층(중층),분묘,-,한국지질자원연구원,KGM-OWd180111,Charcoal,1750,30,"한성백제박물관, 2020, 서울 석촌동 고분군Ⅱ"
339,,,석촌동 고분군,2호 연접부,동남면 점토부 하부 자갈층 아래 성토층,분묘,1,Radpion,RPC-190029,Charcoal,1800,40,"한성백제박물관, 2019, 서울 석촌동 고분군Ⅰ"
340,,,석촌동 고분군,2호 연접부,동남면 점토부 하부 자갈층 아래 성토층,분묘,2,Radpion,RPC-190030,Charcoal,1730,40,"한성백제박물관, 2019, 서울 석촌동 고분군Ⅰ"
341,,,석촌동 고분군,8호 적석묘,동서피트 내 하부 부석층,분묘,3,Radpion,RPC-190031,Charcoal,1810,30,"한성백제박물관, 2019, 서울 석촌동 고분군Ⅰ"
342,,,석촌동 고분군,8호 적석묘,동서피트 내 하부 부석층,분묘,4,Radpion,RPC-190032,Charcoal,1720,40,"한성백제박물관, 2019, 서울 석촌동 고분군Ⅰ"
343,,,석촌동 고분군,8호 적석묘,동서피트 내 1번 수혈 내부토,분묘,5,Radpion,RPC-190033,Charcoal,1720,40,"한성백제박물관, 2019, 서울 석촌동 고분군Ⅰ"
344,,,석촌동 고분군,8호 적석묘,동서피트 내 1번 수혈 내부토,분묘,6,Radpion,RPC-190034,Charcoal,1850,40,"한성백제박물관, 2019, 서울 석촌동 고분군Ⅰ"
345,,,석촌동 고분군,8호 적석묘,동서피트 내 2번 수혈 내부토,분묘,7,Radpion,RPC-190035,Charcoal,1720,40,"한성백제박물관, 2019, 서울 석촌동 고분군Ⅰ"
346,,,석촌동 고분군,8호 적석묘,동서피트 내 2번 수혈 내부토,분묘,8,Radpion,RPC-190036,Charcoal,1710,40,"한성백제박물관, 2019, 서울 석촌동 고분군Ⅰ"
347,,,석촌동 고분군,1호 적석묘,남북 피트 내 하층 유구 내부토,분묘,9,Radpion,RPC-190037,Charcoal,1700,40,"한성백제박물관, 2019, 서울 석촌동 고분군Ⅰ"
348,,,석촌동 고분군,1호 적석묘,남북 피트 내 하층 유구 내부토,분묘,10,Radpion,RPC-190038,Charcoal,1670,40,"한성백제박물관, 2019, 서울 석촌동 고분군Ⅰ"
349,,,석촌동 고분군,7호 매장의례부,성토층 내 외적층,분묘,11,Radpion,RPC-190039,Charcoal,1600,40,"한성백제박물관, 2019, 서울 석촌동 고분군Ⅰ"
350,,,석촌동 고분군,7호 매장의례부,성토층 내 외적층,분묘,12,Radpion,RPC-190040,Charcoal,1690,40,"한성백제박물관, 2019, 서울 석촌동 고분군Ⅰ"
351,,,석촌동 고분군,7호 매장의례부,성토층 내 외적층,분묘,13,Radpion,RPC-190041,Charcoal,1720,40,"한성백제박물관, 2019, 서울 석촌동 고분군Ⅰ"
352,,,석촌동 고분군,7호 매장의례부,성토층 내 외적층,분묘,14,Radpion,RPC-190042,Charcoal,1700,30,"한성백제박물관, 2019, 서울 석촌동 고분군Ⅰ"
353,,,석촌동 고분군,7호 매장의례부,성토층 내 외적층,분묘,15,Radpion,RPC-190043,Charcoal,1700,40,"한성백제박물관, 2019, 서울 석촌동 고분군Ⅰ"
354,,,석촌동 고분군,7호 매장의례부,성토층 내 외적층,분묘,16,Radpion,RPC-190044,Charcoal,1700,40,"한성백제박물관, 2019, 서울 석촌동 고분군Ⅰ"
355,,,석촌동 고분군,4호 목관묘,남동부 내부토,분묘,17,Radpion,RPC-190045,Charcoal,1700,40,"한성백제박물관, 2019, 서울 석촌동 고분군Ⅰ"
356,,,석촌동 고분군,4호 목관묘,남동부 내부토,분묘,18,Radpion,RPC-190046,Charcoal,2150,40,"한성백제박물관, 2019, 서울 석촌동 고분군Ⅰ"
357,,,석촌동 고분군,4호 목관묘,북동부 내부토,분묘,19,Radpion,RPC-190047,Charcoal,1710,40,"한성백제박물관, 2019, 서울 석촌동 고분군Ⅰ"
358,,,석촌동 고분군,4호 목관묘,북동부 내부토,분묘,20,Radpion,RPC-190048,Charcoal,1860,40,"한성백제박물관, 2019, 서울 석촌동 고분군Ⅰ"
359,,,석촌동 고분군,1호 주거지,주거지 화재 폐기로 인한 기둥 및 천장재 잔존물,주거지,-,Radpion,RPC-200114,Charcoal,1710,40,"한성백제박물관, 2020, 서울 석촌동 고분군Ⅱ"
360,,,석촌동 고분군,1호 주거지,서성벽 상부 탄화목재 ②,주거지,-,Radpion,RPC-200115,Charcoal,1650,40,"한성백제박물관, 2020, 서울 석촌동 고분군Ⅱ"
361,,,석촌동 고분군,1호 주거지,서벽 하단 생활면 수습 7번 토기 하부 탄화목재,주거지,-,Radpion,RPC-200116,Charcoal,1730,40,"한성백제박물관, 2020, 서울 석촌동 고분군Ⅱ"
362,,,석촌동 고분군,1호 주거지,남벽 하단 생활면 탄화목재,주거지,-,Radpion,RPC-200117,Charcoal,1740,40,"한성백제박물관, 2020, 서울 석촌동 고분군Ⅱ"
363,,,석촌동 고분군,1호 주거지,부뚜막 외부 바닥 ①,주거지,-,Radpion,RPC-200118,Charcoal,1730,40,"한성백제박물관, 2020, 서울 석촌동 고분군Ⅱ"
364,,,석촌동 고분군,1호 주거지,부뚜막 외부 바닥 ②,주거지,-,Radpion,RPC-200119,Charcoal,1750,40,"한성백제박물관, 2020, 서울 석촌동 고분군Ⅱ"
365,,,석촌동 고분군,1호 주거지,내부 수혈 바닥 탄화목재 ①,주거지,-,Radpion,RPC-200120,Charcoal,1670,40,"한성백제박물관, 2020, 서울 석촌동 고분군Ⅱ"
366,,,석촌동 고분군,1호 주거지,내부 수혈 바닥 탄화목재 ②,주거지,-,Radpion,RPC-200121,Charcoal,1620,40,"한성백제박물관, 2020, 서울 석촌동 고분군Ⅱ"
367,,,석촌동 고분군,1호 주거지,내부 수혈,주거지,-,Radpion,RPC-200122,Charcoal,1780,40,"한성백제박물관, 2020, 서울 석촌동 고분군Ⅱ"
368,,,석촌동 고분군,7호 적석묘,내부 성토층,분묘,-,Radpion,RPC-200123,Charcoal,2090,40,"한성백제박물관, 2020, 서울 석촌동 고분군Ⅱ"
369,,,석촌동 고분군,7호 적석묘,성토층 ②,분묘,-,Radpion,RPC-200124,Charcoal,2170,40,"한성백제박물관, 2020, 서울 석촌동 고분군Ⅱ"
370,,,석촌동 고분군,7호 적석묘,가장 아래쪽 수혈 내부토,분묘,-,Radpion,RPC-200125,Charcoal,1740,30,"한성백제박물관, 2020, 서울 석촌동 고분군Ⅱ"
371,,,석촌동 고분군,4-1호 적석묘,내부 성토 중 불다짐한 면,분묘,-,Radpion,RPC-200126,Charcoal,1640,30,"한성백제박물관, 2020, 서울 석촌동 고분군Ⅱ"
372,,,석촌동 고분군,4-1호 적석묘,남TR 불다짐층 ②,분묘,-,Radpion,RPC-200127,Charcoal,1720,30,"한성백제박물관, 2020, 서울 석촌동 고분군Ⅱ"
373,,,석촌동 고분군,4-1호 적석묘,남TR 불다짐층 ③,분묘,-,Radpion,RPC-200128,Charcoal,1630,30,"한성백제박물관, 2020, 서울 석촌동 고분군Ⅱ"
374,,,석촌동 고분군,8호 적석묘,내부 성토층,분묘,-,Radpion,RPC-200129,Charcoal,1660,30,"한성백제박물관, 2020, 서울 석촌동 고분군Ⅱ"
375,,,석촌동 고분군,8호 적석묘,동서피트 유물 폐기면 ②,분묘,-,Radpion,RPC-200130,Charcoal,1730,30,"한성백제박물관, 2020, 서울 석촌동 고분군Ⅱ"
376,,,석촌동 고분군,8호 적석묘,동서피트 유물 폐기면 ③,분묘,-,Radpion,RPC-200131,Charcoal,1680,40,"한성백제박물관, 2020, 서울 석촌동 고분군Ⅱ"
377,,,석촌동 고분군,9호 적석묘,내부 성토층,분묘,-,Radpion,RPC-200132,Charcoal,1710,30,"한성백제박물관, 2020, 서울 석촌동 고분군Ⅱ"
378,,,석촌동 고분군,9호 적석묘,성토층 ②,분묘,-,Radpion,RPC-200133,Charcoal,1700,30,"한성백제박물관, 2020, 서울 석촌동 고분군Ⅱ"
379,,,석촌동 고분군,9호 적석묘,성토층 ③,분묘,-,Radpion,RPC-200134,Charcoal,1700,30,"한성백제박물관, 2020, 서울 석촌동 고분군Ⅱ"
380,,,석촌동 고분군,1호분 주변 5번 트렌치,유적의 남서쪽 적석묘 축조 직전의 퇴적층,기타,-,Radpion,RPC-200135,Charcoal,1630,30,"한성백제박물관, 2020, 서울 석촌동 고분군Ⅱ"
381,,,석촌동 고분군,8호 적석묘,Ⅺ층 유물포함층,분묘,-,Radpion,RPC-220168,Charcoal,1710,30,"한성백제박물관, 2022, 서울 석촌동 고분군Ⅳ"
382,,,석촌동 고분군,8호 적석묘,ⅩⅩⅦ층 판재층,분묘,-,Radpion,RPC-220169,Charcoal,1690,40,"한성백제박물관, 2022, 서울 석촌동 고분군Ⅳ"
383,,,석촌동 고분군,8호 적석묘,ⅩⅩⅦ층 판재층,분묘,-,Radpion,RPC-220170,Charcoal,1720,30,"한성백제박물관, 2022, 서울 석촌동 고분군Ⅳ"
384,,,석촌동 고분군,21호 적석묘,트렌치 동쪽 확장부 수혈 Ⅱ-2층,분묘,-,Radpion,RPC-220171,Charcoal,2060,30,"한성백제박물관, 2022, 서울 석촌동 고분군Ⅳ"
385,,,석촌동 고분군,21호 적석묘,트렌치 동쪽 확장부 수혈 Ⅱ-2층,분묘,-,Radpion,RPC-220172,Charcoal,2060,30,"한성백제박물관, 2022, 서울 석촌동 고분군Ⅳ"
386,,,석촌동 고분군,26호 적석묘,표토 60cm 소토층 ⅩⅩ-5층,분묘,-,Radpion,RPC-220173,Charcoal,2130,30,"한성백제박물관, 2022, 서울 석촌동 고분군Ⅳ"
387,,,석촌동 고분군,26호 적석묘,표토 60cm 소토층 ⅩⅩ-5층,분묘,-,Radpion,RPC-220174,Charcoal,2120,30,"한성백제박물관, 2022, 서울 석촌동 고분군Ⅳ"
388,,,석촌동 고분군,28호 적석묘,상층 부석층 주변,분묘,-,Radpion,RPC-220175,Charcoal,1750,40,"한성백제박물관, 2022, 서울 석촌동 고분군Ⅳ"
389,,,석촌동 고분군,28호 적석묘,상층 부석층 주변,분묘,-,Radpion,RPC-220176,Charcoal,1770,30,"한성백제박물관, 2022, 서울 석촌동 고분군Ⅳ"
390,,,석촌동 고분군,28호 적석묘,하층 자갈층,분묘,-,Radpion,RPC-220177,Charcoal,1750,30,"한성백제박물관, 2022, 서울 석촌동 고분군Ⅳ"
391,,,석촌동 고분군,28호 적석묘,하층 자갈층,분묘,-,Radpion,RPC-220178,Charcoal,1760,30,"한성백제박물관, 2022, 서울 석촌동 고분군Ⅳ"
392,,,석촌동 고분군,2호 수혈,상부 퇴적토,수혈,-,Radpion,RPC-220179,Charcoal,2220,30,"한성백제박물관, 2022, 서울 석촌동 고분군Ⅳ"
393,,,석촌동 고분군,2호 수혈,토층벽 수습,수혈,-,Radpion,RPC-220180,Charcoal,2240,30,"한성백제박물관, 2022, 서울 석촌동 고분군Ⅳ"
394,,,석촌동 고분군,3호 수혈,,수혈,-,Radpion,RPC-220181,Charcoal,1800,40,"한성백제박물관, 2022, 서울 석촌동 고분군Ⅳ"
395,,,석촌동 고분군,3호 수혈,,수혈,-,Radpion,RPC-220182,Charcoal,1760,40,"한성백제박물관, 2022, 서울 석촌동 고분군Ⅳ"
396,,,석촌동 고분군,3호 수혈,,수혈,-,Radpion,RPC-220183,Charcoal,1720,40,"한성백제박물관, 2022, 서울 석촌동 고분군Ⅳ"
397,,,석촌동 고분군,3호 수혈,,수혈,-,Radpion,RPC-220184,Charcoal,1780,40,"한성백제박물관, 2022, 서울 석촌동 고분군Ⅳ"
398,,,석촌동 고분군,2호 적석묘,트렌치 내 깬돌 부석층,분묘,-,Radpion,RPC-230536,Charcoal,1770,40,"한성백제박물관, 2023, 서울 석촌동 고분군Ⅴ"
399,,,석촌동 고분군,2호 적석묘,17호 목곽묘 내부로 함몰,분묘,-,Radpion,RPC-230537,Charcoal,1670,40,"한성백제박물관, 2023, 서울 석촌동 고분군Ⅴ"
400,,,석촌동 고분군,2호 주거지,부뚜막 내부토 2층,주거지,-,Radpion,RPC-230538,Charcoal,1690,40,"한성백제박물관, 2023, 서울 석촌동 고분군Ⅴ"
401,,,석촌동 고분군,2호 주거지,부뚜막 내부토 2층,주거지,-,Radpion,RPC-230539,Charcoal,1600,40,"한성백제박물관, 2023, 서울 석촌동 고분군Ⅴ"
402,,,석촌동 고분군,3호 주거지,부뚜막 전면부,주거지,-,Radpion,RPC-230540,Charcoal,1850,40,"한성백제박물관, 2023, 서울 석촌동 고분군Ⅴ"
403,,,석촌동 고분군,4호 수혈,내부 성토층,수혈,-,Radpion,RPC-230541,Charcoal,1660,40,"한성백제박물관, 2023, 서울 석촌동 고분군Ⅴ"
404,,,석촌동 고분군,8호 적석묘,,분묘,-,Radpion,RPC-210207,Charcoal,1720,30,"한성백제박물관, 2024, 서울 석촌동 고분군Ⅵ"
405,,,석촌동 고분군,8호 적석묘,,분묘,-,Radpion,RPC-210208,Charcoal,1800,30,"한성백제박물관, 2024, 서울 석촌동 고분군Ⅵ"
406,,,석촌동 고분군,8호 적석묘,,분묘,-,Radpion,RPC-210209,Charcoal,1760,30,"한성백제박물관, 2024, 서울 석촌동 고분군Ⅵ"